MA_solar_pv,CT_onshore_wind,CT_solar_pv,ME_onshore_wind
0.0,0.65400058,0.0,0.651881099
0.0,0.640632212,0.0,0.662853241
0.0,0.674216628,0.0,0.688196063
0.0,0.591154337,0.0,0.530139506
0.0,0.498415291,0.0,0.557922244
0.0,0.539107561,0.0,0.685596406
0.0,0.597886682,0.0,0.675387621
0.0,0.524519503,0.0,0.555113554
0.2175,0.714665174,0.2258,0.545945764
0.4081,0.201284081,0.4428,0.233014196
0.5613,0.012974607,0.5538,0.115340397
0.5322,0.034633961,0.6097,0.066541314
0.5679,0.082750432,0.6059,0.047794882
0.5247,0.036179084,0.5139,0.032758825
0.4229,0.006105063,0.4232,0.059398096
0.3114,0.173815444,0.363,0.144726574
0.109,0.260041893,0.1806,0.365451872
0.0,0.468751878,0.0,0.650975525
0.0,0.784515142,0.0,0.780547857
0.0,0.355991662,0.0,0.814909935
0.0,0.604112744,0.0,0.783736229
0.0,0.527206779,0.0,0.812947273
0.0,0.685887396,0.0,0.777409554
0.0,0.618583739,0.0,0.804257452
0.0,0.674788058,0.0,0.832141697
0.0,0.91023761,0.0,0.825002253
0.0,0.839853764,0.0,0.878274798
0.0,0.8865906,0.0,0.925702214
0.0,0.94504863,0.0,0.900026917
0.0,0.863669157,0.0,0.867172003
0.0,0.646323919,0.0,0.851862907
0.0,0.25566262,0.0,0.962050557
0.109,0.324984014,0.1325,0.968221545
0.3235,0.710196197,0.3044,0.936753988
0.3563,0.438852191,0.3022,0.894410849
0.3784,0.312287986,0.4041,0.729316831
0.3346,0.569212019,0.2614,0.705880165
0.2609,0.766024351,0.2753,0.748093069
0.2381,0.711729348,0.1934,0.817127466
0.1307,0.659122467,0.2166,0.8403548
0.0266,0.482714176,0.0182,0.906592369
0.0,0.74608326,0.0,0.94518286
0.0,0.817704558,0.0,0.897846878
0.0,0.881676972,0.0,0.937956572
0.0,0.923290074,0.0,0.908633113
0.0,0.881124794,0.0,0.971499681
0.0,0.837216139,0.0,0.997881591
0.0,0.935307026,0.0,0.981252551
0.0,0.95678848,0.0,0.874063134
0.0,0.960784912,0.0,0.785421908
0.0,0.964077592,0.0,0.838933825
0.0,0.821918488,0.0,0.836373806
0.0,0.535242558,0.0,0.798461854
0.0,0.421804518,0.0,0.835002184
0.0,0.44402492,0.0,0.936725378
0.0,0.506769657,0.0,0.92959249
0.1008,0.716469467,0.1563,0.786107421
0.3571,0.479748398,0.4284,0.73866868
0.5425,0.77202934,0.5777,0.717252851
0.6327,0.629349351,0.6501,0.634071887
0.6563,0.735723257,0.6632,0.717576087
0.6462,0.502739787,0.6461,0.680005491
0.5642,0.707346141,0.5617,0.761096835
0.3954,0.32747677,0.3732,0.737764895
0.1551,0.927522063,0.1768,0.7636289
0.0,0.636502683,0.0,0.771935344
0.0,0.664787829,0.0,0.867450655
0.0,0.515376031,0.0,0.923220873
0.0,0.439054638,0.0,0.93512392
0.0,0.750679374,0.0,0.801682234
0.0,0.814183295,0.0,0.73993969
0.0,0.872650862,0.0,0.863863051
0.0,0.888046741,0.0,0.794329345
0.0,0.731665611,0.0,0.7056126
0.0,0.777789474,0.0,0.764104486
0.0,0.943983614,0.0,0.786875129
0.0,0.947459102,0.0,0.886458337
0.0,0.747204661,0.0,0.976139545
0.0,0.933167934,0.0,0.972755671
0.0,0.757942557,0.0,0.896742344
0.2189,0.785400927,0.1756,0.984853625
0.4091,0.641020477,0.359,0.902690589
0.5094,0.963223636,0.4301,0.9146806
0.5486,0.768399656,0.4563,0.959157526
0.5372,0.880754352,0.3894,0.980083108
0.4018,0.927021861,0.4534,0.962692797
0.4305,0.91498971,0.5024,0.874517322
0.3475,0.568014443,0.3741,0.909573317
0.1858,0.400734007,0.207,0.887189507
0.0,0.370842636,0.0,0.914014876
0.0,0.345947564,0.0,0.881599724
0.0,0.52340579,0.0,0.903847158
0.0,0.235718831,0.0,0.908420205
0.0,0.353133857,0.0,0.877573609
0.0,0.123410217,0.0,0.374645948
0.0,0.159678772,0.0,0.802588284
0.0,0.174881235,0.0,0.690074623
0.0,0.268058985,0.0,0.677912593
0.0,0.07365521,0.0,0.683205128
0.0,0.09225262,0.0,0.589605987
0.0,0.1769187,0.0,0.580307305
0.0,0.047160737,0.0,0.634193897
0.0,0.018978704,0.0,0.679633021
0.0,0.007698048,0.0,0.686066628
0.1243,0.0,0.1448,0.628320456
0.3369,3.21e-6,0.381,0.540198147
0.5427,0.0,0.4255,0.395114601
0.5165,0.0,0.4001,0.167897642
0.4801,0.0,0.3675,0.094961971
0.4327,0.0,0.3052,0.083402254
0.3182,0.016408831,0.2707,0.081223026
0.1995,0.121261552,0.1831,0.027838761
0.0683,0.194417536,0.078,0.033720993
0.0,0.331171334,0.0,0.124309257
0.0,0.57641989,0.0,0.199696913
0.0,0.249798104,0.0,0.368104279
0.0,0.31388849,0.0,0.412119091
0.0,0.263796777,0.0,0.432690829
0.0,0.322466075,0.0,0.638492703
0.0,0.329577833,0.0,0.733269811
0.0,0.705949306,0.0,0.780201435
0.0,0.834924579,0.0,0.786337197
0.0,0.832703173,0.0,0.797727823
0.0,0.727586865,0.0,0.823553085
0.0,0.626110256,0.0,0.758514643
0.0,0.721315265,0.0,0.721159458
0.0,0.785158873,0.0,0.718788862
0.0,0.59819752,0.0,0.807962596
0.0,0.567111433,0.0,0.934006155
0.003,0.326491237,0.0064,0.948075294
0.0852,0.390583217,0.116,0.981830955
0.1324,0.287067473,0.0999,0.98286736
0.1041,0.229321212,0.1202,0.940139234
0.1276,0.154025629,0.192,0.877916396
0.1108,0.115687042,0.1404,0.879350662
0.0825,0.054644316,0.0697,0.896614492
0.0043,0.088804618,0.0,0.837487161
0.0,0.72049433,0.0,0.721934199
0.0,0.834395289,0.0,0.659873962
0.0,0.950648248,0.0,0.497243434
0.0,0.999782085,0.0,0.501666129
0.0,1.0,0.0,0.587158203
0.0,1.0,0.0,0.723627448
0.0,1.0,0.0,0.83999908
0.0,1.0,0.0,0.961806953
0.0,1.0,0.0,0.997699499
0.0,1.0,0.0,0.99966979
0.0,0.999383628,0.0,0.996178329
0.0,0.965365767,0.0,0.992918313
0.0,0.79326117,0.0,0.974965513
0.0,0.284757346,0.0,0.955787182
0.0,0.51474309,0.0,0.939044178
0.2499,0.541716576,0.2267,0.878550053
0.4155,0.119267933,0.3616,0.718334675
0.5324,7.85e-5,0.4427,0.461677551
0.4953,0.0,0.4972,0.560474813
0.5597,0.021236544,0.6758,0.422075212
0.6671,0.279601127,0.7002,0.194490075
0.6148,0.46427834,0.6275,0.148848206
0.4365,0.974582016,0.3833,0.189681008
0.195,0.989060044,0.1751,0.334965825
0.0,0.871624708,0.0,0.558297515
0.0,0.820555329,0.0,0.723501265
0.0,0.579907179,0.0,0.886326075
0.0,0.888320148,0.0,0.97592932
0.0,0.996523142,0.0,0.986805677
0.0,0.996782899,0.0,0.991398931
0.0,0.991666675,0.0,0.989534974
0.0,1.0,0.0,0.986053884
0.0,1.0,0.0,0.989762664
0.0,1.0,0.0,0.984988689
0.0,1.0,0.0,0.99220252
0.0,1.0,0.0,0.992451787
0.0,1.0,0.0,0.982604563
0.0,0.985692322,0.0,0.984695852
0.0402,0.941182435,0.0169,0.966541052
0.321,0.980075657,0.2875,0.989707232
0.5245,0.993839562,0.4137,0.984856486
0.6441,0.966479957,0.4555,0.997621417
0.7124,0.997629941,0.5821,0.999958992
0.7357,0.955581605,0.6565,0.992235959
0.7389,0.972986162,0.7141,0.998948455
0.6854,0.982450366,0.6489,1.0
0.5341,0.999181509,0.523,0.997745812
0.3205,1.0,0.3346,0.995687306
0.0422,0.996199787,0.079,0.999369919
0.0,1.0,0.0,0.980673015
0.0,0.980571449,0.0,0.973875403
0.0,1.0,0.0,0.980784774
0.0,0.997454047,0.0,0.890896916
0.0,0.734991491,0.0,0.851224363
0.0,0.5955621,0.0,0.809004903
0.0,0.242826775,0.0,0.833665073
0.0,0.03796494,0.0,0.801200867
0.0,0.090820193,0.0,0.7769835
0.0,0.388701856,0.0,0.746220827
0.0,0.776218772,0.0,0.755740345
0.0,0.929636121,0.0,0.686628699
0.0,0.979400814,0.0,0.778646708
0.0059,0.886533201,0.0003,0.735271573
0.2662,0.975051701,0.2569,0.722848058
0.4829,0.962889194,0.4694,0.625542641
0.5778,0.994308054,0.5771,0.724140763
0.5997,1.0,0.6414,0.782068491
0.6695,1.0,0.7203,0.871059537
0.7068,1.0,0.7268,0.790103137
0.671,1.0,0.689,0.724338114
0.5219,0.997083902,0.5492,0.74115473
0.315,0.936557472,0.3525,0.761201322
0.0489,0.648079991,0.0911,0.794923306
0.0,0.575213313,0.0,0.78339237
0.0,0.324579209,0.0,0.573194385
0.0,0.403110504,0.0,0.399042159
0.0,0.738659501,0.0,0.26432538
0.0,0.821796894,0.0,0.164059013
0.0,0.786139071,0.0,0.086098082
0.0,0.893895745,0.0,0.103133619
0.0,0.787274539,0.0,0.370989263
0.0,0.398638457,0.0,0.500873327
0.0,0.214873984,0.0,0.605276704
0.0,0.042057011,0.0,0.656146407
0.0,0.011415927,0.0,0.669466376
0.0,0.091616571,0.0,0.648890078
0.0062,0.028628357,0.0,0.56434381
0.2119,0.008147781,0.1959,0.275106698
0.3608,0.001728845,0.3224,0.221529663
0.4334,0.000489691,0.4463,0.176492631
0.496,0.0,0.4513,0.138617247
0.4844,0.106977865,0.4641,0.146893665
0.5786,0.0242454,0.6105,0.141715944
0.4078,0.081125595,0.4214,0.212224782
0.3444,0.053096838,0.3846,0.387287349
0.2249,0.056380223,0.2885,0.640562356
0.0122,0.069894731,0.0337,0.844917655
0.0,0.197658047,0.0,0.875295162
0.0,0.243601352,0.0,0.824807882
0.0,0.174287289,0.0,0.724126995
0.0,0.164340287,0.0,0.559920728
0.0,0.293076575,0.0,0.464308351
0.0,0.101459831,0.0,0.409431398
0.0,0.249035716,0.0,0.490362674
0.0,0.486195683,0.0,0.458333492
0.0,0.169421896,0.0,0.349904567
0.0,0.009011528,0.0,0.277691066
0.0,0.001333811,0.0,0.216739267
0.0,0.000317352,0.0,0.189968139
0.0,0.036272675,0.0,0.09146414
0.0,0.025158998,0.0,0.065244205
0.142,0.001915023,0.2009,0.027136881
0.2896,0.004838473,0.3639,0.010299752
0.3832,0.002978894,0.4752,0.009471963
0.4001,0.002749893,0.4461,0.005374348
0.3979,0.001096892,0.4694,0.013920853
0.3975,0.00047768,0.4491,0.03882324
0.4351,0.000743314,0.4923,0.093021229
0.3602,0.0015621,0.4357,0.157228038
0.2179,0.00100724,0.2689,0.179657251
0.0012,0.029870097,0.0291,0.2274037
0.0,0.207876697,0.0,0.277306676
0.0,0.370250285,0.0,0.28950125
0.0,0.510409713,0.0,0.232652336
0.0,0.496798247,0.0,0.233321249
0.0,0.597496986,0.0,0.199067965
0.0,0.442481995,0.0,0.193923429
0.0,0.319852293,0.0,0.240700901
0.0,0.265951574,0.0,0.273126453
0.0,0.246795446,0.0,0.221169233
0.0,0.225861371,0.0,0.171910107
0.0,0.234784558,0.0,0.126730189
0.0,0.100260928,0.0,0.075678296
0.0,0.05188882,0.0,0.056310035
0.0,0.044131674,0.0,0.036824934
0.251,0.004188695,0.2135,0.070649385
0.398,0.00055478,0.3957,0.044125997
0.5777,0.084299549,0.4714,0.028650574
0.5222,0.005396586,0.446,0.013903921
0.4391,0.011789078,0.4033,0.009147231
0.4041,0.04832131,0.4023,0.033015255
0.3776,0.016470706,0.3253,0.017452259
0.2577,0.023280129,0.2138,0.048636384
0.0836,0.135175705,0.0846,0.134113893
0.0,0.201039851,0.0,0.349663913
0.0,0.256816059,0.0,0.526129365
0.0,0.146238342,0.0,0.642662048
0.0,0.46337235,0.0,0.485115319
0.0,0.403598249,0.0,0.583313465
0.0,0.339757085,0.0,0.66425848
0.0,0.370321482,0.0,0.659257591
0.0,0.465583175,0.0,0.699445486
0.0,0.707297444,0.0,0.740516305
0.0,0.895804107,0.0,0.670099914
0.0,0.819945991,0.0,0.605709374
0.0,0.610500693,0.0,0.594692707
0.0,0.34757489,0.0,0.614016056
0.0,0.285657108,0.0,0.590112448
0.0,0.317218393,0.0,0.627468705
0.1131,0.254971772,0.1509,0.457778186
0.3099,0.306124657,0.3546,0.473601222
0.4462,0.72285372,0.5514,0.414910913
0.4971,0.749075055,0.5828,0.367353141
0.5491,0.766450584,0.5721,0.440943152
0.5788,0.583024323,0.5944,0.561156869
0.5935,0.89966023,0.5804,0.544398606
0.4606,0.768344879,0.5083,0.415221393
0.2861,0.941289306,0.3311,0.461534441
0.04,0.691129565,0.0839,0.663944006
0.0,0.369385242,0.0,0.645860493
0.0,0.543988705,0.0,0.746088266
0.0,0.627581239,0.0,0.771381795
0.0,0.891589403,0.0,0.473645002
0.0,0.663651288,0.0,0.622891665
0.0,0.636843503,0.0,0.685363531
0.0,0.916098177,0.0,0.76200372
0.0,0.838043511,0.0,0.814941287
0.0,0.755483866,0.0,0.793094337
0.0,0.694692194,0.0,0.80068779
0.0,0.644259989,0.0,0.771727443
0.0,0.696441293,0.0,0.782669187
0.0,0.356852591,0.0,0.848315597
0.0686,0.251459301,0.0668,0.785507739
0.3334,0.172121212,0.3332,0.837952256
0.535,0.189258426,0.5359,0.866155028
0.6862,0.340059042,0.6854,0.859660685
0.7269,0.241040498,0.7362,0.73026526
0.7132,0.19764173,0.6619,0.818823159
0.6894,0.407617241,0.5674,0.845323026
0.6259,0.384550184,0.551,0.718031228
0.4635,0.455034077,0.406,0.772954941
0.2577,0.515170276,0.2966,0.839647532
0.0324,0.38820073,0.084,0.886622906
0.0,0.628327966,0.0,0.904330611
0.0,0.8641752,0.0,0.84333992
0.0,0.666926622,0.0,0.911610067
0.0,0.66224283,0.0,0.847428322
0.0,0.682783544,0.0,0.895758748
0.0,0.658913016,0.0,0.915756047
0.0,0.998503923,0.0,0.987221956
0.0,0.981334448,0.0,0.978059888
0.0,0.976984143,0.0,0.936176896
0.0,0.917273223,0.0,0.841554105
0.0,0.857299387,0.0,0.794166327
0.0,0.685744822,0.0,0.772697628
0.0029,0.197402641,0.0,0.772494197
0.1779,0.174021095,0.1726,0.593601346
0.3938,0.097864166,0.3929,0.568524837
0.5573,0.032948181,0.563,0.287257016
0.6766,0.002176364,0.6712,0.143510789
0.678,0.000552898,0.683,0.149639636
0.6611,0.000874054,0.6739,0.119550511
0.6551,0.003476053,0.6618,0.132416099
0.6173,0.019248929,0.6523,0.152063802
0.4965,0.119166195,0.546,0.258123368
0.3363,0.274659663,0.3826,0.426247716
0.1242,0.392801732,0.1625,0.560484052
0.0,0.536450446,0.0,0.601749539
0.0,0.939421058,0.0,0.709239244
0.0,0.438982993,0.0,0.753030419
0.0,0.353878379,0.0,0.699030638
0.0,0.556829035,0.0,0.5368644
0.0,0.65021956,0.0,0.578089058
0.0,0.622024417,0.0,0.555813074
0.0,0.764623284,0.0,0.538930714
0.0,0.715029895,0.0,0.462965727
0.0,0.372809708,0.0,0.360287905
0.0,0.113940589,0.0,0.488380849
0.0,0.056374628,0.0,0.599999964
0.0,0.016238747,0.0,0.561654091
0.1809,0.333949357,0.1937,0.482259929
0.3869,0.144480377,0.4011,0.261952311
0.5486,2.18e-5,0.5435,0.171321541
0.673,0.000401923,0.6766,0.103632301
0.688,0.009390152,0.6954,0.086341038
0.6933,0.15701367,0.698,0.134537384
0.6864,0.406255186,0.6964,0.17796576
0.65,0.417066693,0.6672,0.189786106
0.5134,0.336111903,0.5446,0.208149701
0.3401,0.290232033,0.3849,0.401330531
0.123,0.256617188,0.17,0.471578002
0.0,0.407308728,0.0,0.758596778
0.0,0.214790255,0.0,0.877489209
0.0,0.390825689,0.0,0.815006971
0.0,0.471649319,0.0,0.755335033
0.0,0.307960331,0.0,0.65353626
0.0,0.340681136,0.0,0.605977595
0.0,0.290637463,0.0,0.56266588
0.0,0.219434485,0.0,0.582483292
0.0,0.292016774,0.0,0.645784974
0.0,0.488625586,0.0,0.775624633
0.0,0.340097755,0.0,0.69383806
0.0,0.235136852,0.0,0.752719223
0.0004,0.588210523,0.0,0.862523913
0.1559,0.332647651,0.1358,0.737461805
0.3681,0.093162946,0.3612,0.54701364
0.5112,0.001849365,0.4843,0.360572845
0.7546,0.0,0.723,0.313053399
0.6648,0.0,0.6153,0.266081452
0.6766,0.000464521,0.642,0.223596364
0.6849,0.103742942,0.6483,0.218776628
0.6482,0.370955497,0.6173,0.203460976
0.5121,0.341479361,0.5187,0.224217921
0.3377,0.444000244,0.3615,0.330130666
0.1213,0.292105019,0.1552,0.519130349
0.0,0.224894032,0.0,0.726869047
0.0,0.31001246,0.0,0.743680954
0.0,0.206186026,0.0,0.728035569
0.0,0.352164268,0.0,0.608524561
0.0,0.416088998,0.0,0.492403865
0.0,0.530061185,0.0,0.513981462
0.0,0.507622302,0.0,0.533729076
0.0,0.678049803,0.0,0.674548864
0.0,0.010443158,0.0,0.062698871
0.0,0.427970886,0.0,0.841359735
0.0,0.334010154,0.0,0.914813161
0.0,0.451444775,0.0,0.974680662
0.0008,0.351748496,0.0,0.978852689
0.1746,0.381634384,0.157,0.922392011
0.3796,0.204491615,0.3642,0.839634836
0.555,0.022155629,0.5463,0.690602899
0.6824,0.087142006,0.6775,0.606630445
0.6979,0.034761738,0.6949,0.617718577
0.6999,0.114951245,0.6981,0.573944688
0.6953,0.093523912,0.6977,0.547802687
0.6556,0.116833173,0.6681,0.769956887
0.5221,0.247117937,0.5478,0.80558908
0.3484,0.302383065,0.3858,0.87547338
0.1274,0.435858846,0.1707,0.963667393
0.0,0.296017647,0.0,0.995695174
0.0,0.382669896,0.0,0.942333877
0.0,0.432901084,0.0,0.954547882
0.0,0.662971437,0.0,0.963854551
0.0,0.961305439,0.0,0.918889642
0.0,0.951534867,0.0,0.831322074
0.0,0.68373543,0.0,0.881467462
0.0,0.600812972,0.0,0.858075261
0.0,0.814034224,0.0,0.935281634
0.0,0.911757529,0.0,0.955151796
0.0,0.600341201,0.0,0.945564926
0.0,0.718456745,0.0,0.966163337
0.0,0.47460106,0.0,0.964919329
0.1287,0.611973166,0.1307,0.897765279
0.2969,0.462337017,0.3218,0.894047737
0.4366,0.286065727,0.4241,0.956014991
0.5574,0.410449386,0.4843,0.987810135
0.6471,0.18657057,0.5087,0.994437337
0.6988,0.044284698,0.6118,0.996686101
0.7057,0.004641407,0.6588,0.995325267
0.6681,0.010756869,0.6495,0.998466611
0.5204,0.062138144,0.4946,0.99398303
0.3357,0.268422604,0.3379,0.999444008
0.1217,0.549905419,0.1415,0.999931455
0.0,0.59516722,0.0,0.999659896
0.0,0.463209748,0.0,0.966383457
0.0,0.327129066,0.0,0.997240305
0.0,0.395001531,0.0,0.944750071
0.0,0.458472908,0.0,0.916571379
0.0,0.448081851,0.0,0.854930699
0.0,0.686663628,0.0,0.823605299
0.0,0.94721055,0.0,0.599495888
0.0,0.968070626,0.0,0.448240101
0.0,0.751041591,0.0,0.363844037
0.0,0.725488186,0.0,0.316084772
0.0,0.857096016,0.0,0.199303448
0.0,0.570255101,0.0,0.130830407
0.1681,0.35289073,0.2003,0.043213755
0.3275,0.291729033,0.3963,0.095006242
0.47,0.255962312,0.4968,0.191337913
0.4264,0.155585855,0.4553,0.145866185
0.4459,0.157079071,0.4639,0.17013973
0.4834,0.132549644,0.4762,0.067343056
0.6303,0.238282189,0.6118,0.06855081
0.3922,0.239939079,0.4236,0.056210428
0.3528,0.271274298,0.2969,0.087241471
0.2192,0.236726984,0.2024,0.109862432
0.0833,0.160334155,0.0789,0.181660235
0.0,0.292999268,0.0,0.27242738
0.0,0.401110888,0.0,0.286082685
0.0,0.149256185,0.0,0.269473583
0.0,0.163049132,0.0,0.340033472
0.0,0.166977257,0.0,0.344270676
0.0,0.205250561,0.0,0.205188617
0.0,0.307979465,0.0,0.204994872
0.0,0.422584713,0.0,0.256006956
0.0,0.406198055,0.0,0.247988999
0.0,0.361611843,0.0,0.211419225
0.0,0.24808161,0.0,0.200011283
0.0,0.122475065,0.0,0.178104073
0.0,0.061104923,0.0,0.129664958
0.0483,0.001909042,0.0107,0.224155784
0.1379,0.030662451,0.1244,0.195972994
0.2279,0.035824325,0.1986,0.191820532
0.2641,0.026189856,0.2571,0.244714767
0.2979,0.000577044,0.3222,0.256400168
0.3468,0.000226538,0.3903,0.260348976
0.3644,0.003640169,0.4114,0.264438897
0.3465,0.009475692,0.4116,0.303551227
0.324,0.039171852,0.3266,0.221615791
0.2125,0.049333788,0.2253,0.249633402
0.0673,0.006074722,0.0732,0.26829651
0.0,0.0032244,0.0,0.258434594
0.0,0.03518948,0.0,0.27804935
0.0,0.186126143,0.0,0.306461513
0.0,0.45455578,0.0,0.285110682
0.0,0.378552973,0.0,0.393156409
0.0,0.702663004,0.0,0.476771116
0.0,0.670275927,0.0,0.463066339
0.0,0.791637063,0.0,0.537189543
0.0,0.850343347,0.0,0.577177286
0.0,0.830768526,0.0,0.47861889
0.0,0.83575666,0.0,0.53229326
0.0,0.720085979,0.0,0.62505722
0.0551,0.254879028,0.0809,0.544284105
0.2308,0.188441843,0.2562,0.43602246
0.4115,0.006096345,0.4358,0.264100283
0.5502,0.002578969,0.5661,0.226219833
0.6653,0.028644908,0.6522,0.40397507
0.6636,0.275457084,0.6494,0.63357091
0.6573,0.502558708,0.6072,0.848846376
0.6282,0.360116273,0.5521,0.941271544
0.5712,0.600508273,0.5665,0.905256033
0.4475,0.835470736,0.5059,0.905872762
0.3088,0.994439244,0.3336,0.938071132
0.1392,0.899679601,0.1808,0.924881101
0.0306,0.816437781,0.0559,0.930782199
0.0,0.434419274,0.0,0.981320381
0.0,0.432913303,0.0,0.949090958
0.0,0.796223938,0.0,0.904409111
0.0,0.666432261,0.0,0.878076553
0.0,0.816844404,0.0,0.886024654
0.0,0.847556829,0.0,0.906855583
0.0,0.893950105,0.0,0.889461875
0.0,0.899584472,0.0,0.897235036
0.0,0.877247691,0.0,0.907476962
0.0,0.952719688,0.0,0.814849138
0.0,0.960523844,0.0,0.747924209
0.0631,0.975111306,0.0853,0.718400896
0.2384,0.999808609,0.2625,0.722193003
0.4278,1.0,0.4547,0.517734885
0.5697,1.0,0.599,0.440654993
0.6876,0.996867299,0.7096,0.47235918
0.6993,0.957846105,0.7198,0.474067867
0.6955,0.907826662,0.6991,0.543230414
0.6864,0.918199122,0.6783,0.723340213
0.6366,0.951994717,0.6732,0.798046649
0.5082,0.716081262,0.5563,0.802406669
0.3536,0.918618083,0.4041,0.833866239
0.1506,0.844124913,0.2055,0.880895615
0.0365,0.91932255,0.0597,0.886661351
0.0,0.71794802,0.0,0.924427032
0.0,1.0,0.0,0.963136315
0.0,1.0,0.0,0.999079168
0.0,0.999719322,0.0,0.999988973
0.0,1.0,0.0,0.993228734
0.0,1.0,0.0,0.969367146
0.0,0.999401927,0.0,0.876194239
0.0,0.840446055,0.0,0.729236841
0.0,0.740907311,0.0,0.660441995
0.0,0.83974272,0.0,0.643812776
0.0,0.582625568,0.0,0.791162372
0.0781,0.629124284,0.0913,0.687852025
0.2608,0.49090004,0.2631,0.517878771
0.4544,0.392080009,0.4507,0.554159999
0.599,0.118508637,0.607,0.4323816
0.7065,0.092816167,0.6945,0.295100838
0.7095,0.010389035,0.7035,0.187555581
0.6849,0.004800459,0.6451,0.257159412
0.697,0.021742992,0.6623,0.242588431
0.4869,0.033645563,0.4454,0.204955503
0.3611,0.091753595,0.3532,0.090663716
0.252,0.073397309,0.2602,0.037262738
0.1208,0.177771747,0.1457,0.03664995
0.0097,0.125503883,0.0164,0.173653916
0.0,0.225670695,0.0,0.273606956
0.0,0.218891159,0.0,0.345028669
0.0,0.241132259,0.0,0.281041026
0.0,0.264220625,0.0,0.202513039
0.0,0.19123134,0.0,0.33689782
0.0,0.444902152,0.0,0.365752518
0.0,0.460135907,0.0,0.379359096
0.0,0.514190614,0.0,0.325106531
0.0,0.344889462,0.0,0.333932668
0.0,0.221222699,0.0,0.384271324
0.0,0.323626906,0.0,0.459899426
0.073,0.296585143,0.0756,0.427961826
0.2431,0.300489902,0.2584,0.319929838
0.4253,0.009009168,0.4477,0.080077723
0.575,0.005413182,0.603,0.201652423
0.6945,0.032803237,0.7172,0.25765118
0.7176,0.059648238,0.7315,0.280694634
0.7241,0.048079468,0.7328,0.436991394
0.7208,0.097284406,0.7283,0.446297139
0.663,0.132096112,0.681,0.542639732
0.5295,0.21807085,0.5637,0.615163684
0.3579,0.262657136,0.4093,0.729590952
0.1521,0.444852829,0.2091,0.729057014
0.0416,0.393538952,0.0674,0.717143059
0.0,0.307857603,0.0,0.85931164
0.0,0.898757994,0.0,0.721602619
0.0,0.783025742,0.0,0.519651413
0.0,0.695123971,0.0,0.470836759
0.0,0.727230906,0.0,0.51728344
0.0,0.906098187,0.0,0.602226555
0.0,0.964462399,0.0,0.717101514
0.0,0.972168505,0.0,0.703789055
0.0,0.986720443,0.0,0.664553881
0.0,0.910772681,0.0,0.582078278
0.0,0.839319825,0.0,0.534162283
0.0778,0.381622046,0.1059,0.536282241
0.2571,0.143958166,0.2839,0.345888674
0.4415,0.000218557,0.463,0.067623883
0.5769,0.000510002,0.5831,0.021597832
0.659,0.083214864,0.6466,0.020723
0.648,0.379179806,0.6319,0.04386403
0.6455,0.844168305,0.685,0.124951094
0.6584,0.888040662,0.7031,0.163836449
0.6393,0.916626334,0.6401,0.313371807
0.5194,0.972031176,0.5318,0.445517898
0.3527,0.999287188,0.3754,0.545267344
0.1498,0.94767946,0.1825,0.638798833
0.0324,0.873701751,0.0398,0.721302986
0.0,0.705336988,0.0,0.715687037
0.0,0.639790893,0.0,0.814773202
0.0,0.219112173,0.0,0.911356688
0.0,0.361968666,0.0,0.957081795
0.0,0.236685067,0.0,0.963609755
0.0,0.259338766,0.0,0.959987164
0.0,0.281132579,0.0,0.869126678
0.0,0.204233021,0.0,0.886592984
0.0,0.215455055,0.0,0.860317469
0.0,0.175008059,0.0,0.862108827
0.0,0.152520984,0.0,0.782500505
0.0573,0.071609408,0.0752,0.781155348
0.1902,0.033815674,0.2161,0.576450765
0.3846,0.197519287,0.3905,0.456777811
0.508,0.077234678,0.5169,0.396456152
0.61,0.108085491,0.627,0.339726448
0.6501,0.320897609,0.6556,0.255490839
0.6423,0.37067911,0.6445,0.380047709
0.6489,0.703896582,0.6383,0.423125267
0.5848,0.913187981,0.5723,0.489750296
0.4683,0.977256835,0.5163,0.573457897
0.3278,1.0,0.3814,0.549458802
0.1379,0.998269737,0.1889,0.475300193
0.0234,0.931133628,0.0427,0.526453376
0.0,0.294844568,0.0,0.467790544
0.0,0.17384097,0.0,0.492123365
0.0,0.047792602,0.0,0.502970934
0.0,0.046951711,0.0,0.557470143
0.0,0.139940053,0.0,0.66036576
0.0,0.201329976,0.0,0.667828858
0.0,0.258197904,0.0,0.837595224
0.0,0.767325222,0.0,0.802787244
0.0,0.787576795,0.0,0.665636003
0.0,0.903940916,0.0,0.654958725
0.0,0.87623167,0.0,0.686453402
0.0323,0.375950485,0.058,0.80768013
0.1293,0.244787961,0.1563,0.72368598
0.1894,0.391121477,0.2515,0.656970084
0.2513,0.496698052,0.3013,0.733301282
0.3005,0.424061835,0.3415,0.82054925
0.3063,0.323638082,0.3756,0.855143905
0.3569,0.296225339,0.3573,0.838510633
0.3508,0.441782176,0.3515,0.900317192
0.2968,0.550766826,0.2854,0.944631457
0.2386,0.621668816,0.2111,0.938807786
0.1541,0.686948419,0.1166,0.953017473
0.0215,0.932779849,0.0192,0.838192523
0.0,0.999638379,0.0,0.743015766
0.0,0.985018253,0.0,0.600739002
0.0,0.999047577,0.0,0.883368611
0.0,1.0,0.0,0.974085331
0.0,1.0,0.0,0.958680153
0.0,1.0,0.0,0.956795573
0.0,0.255533934,0.0,0.371049285
0.0,0.157546759,0.0,0.49363941
0.0,0.199761152,0.0,0.41943267
0.0,0.195887998,0.0,0.531292915
0.0,0.206376255,0.0,0.592756748
0.0862,0.220516995,0.0741,0.609481633
0.1147,0.063040741,0.1331,0.483346254
0.2431,0.109704487,0.2546,0.374912441
0.3828,0.179136857,0.3673,0.332571357
0.492,0.200069875,0.4812,0.315493822
0.5487,0.356357276,0.5556,0.482944906
0.5534,0.50347507,0.5748,0.596071005
0.558,0.717685103,0.5721,0.662995458
0.5522,0.871921659,0.5592,0.620360613
0.5321,0.800152361,0.5415,0.672803819
0.4367,0.725072324,0.4812,0.770771027
0.315,0.708724082,0.3599,0.863388896
0.1671,0.657537103,0.207,0.812877953
0.0824,0.363562495,0.1017,0.831174731
0.0091,0.504807055,0.0396,0.849172294
0.0,0.408079177,0.0,0.785294414
0.0,0.531135499,0.0,0.757732749
0.0,0.233968467,0.0,0.876612186
0.0,0.317590177,0.0,0.811368525
0.0,0.431610733,0.0,0.694496393
0.0,0.574139476,0.0,0.712165236
0.0,0.5398283,0.0,0.687352419
0.0,0.201132476,0.0,0.659404457
0.0,0.107555799,0.0,0.697532237
0.0587,0.144015923,0.0126,0.66704905
0.1202,0.071583487,0.1019,0.370624304
0.2267,0.205921009,0.2045,0.198139548
0.3121,0.161220312,0.3112,0.115637213
0.3871,0.336054265,0.3663,0.137585416
0.4377,0.368090123,0.4167,0.213544935
0.4715,0.454866886,0.4684,0.296501637
0.481,0.460774302,0.4928,0.341858566
0.4752,0.431218863,0.4656,0.504923463
0.4683,0.424021393,0.3782,0.555706739
0.3812,0.402401239,0.3149,0.58567667
0.2652,0.201657325,0.2465,0.529349804
0.1535,0.31398356,0.1617,0.271917343
0.0289,0.642302394,0.0083,0.68558681
0.0,0.458561152,0.0,0.740724802
0.0,0.278454691,0.0,0.761210203
0.0,0.406244844,0.0,0.765236795
0.0,0.48908928,0.0,0.627387524
0.0,0.247558758,0.0,0.580875278
0.0,0.342755079,0.0,0.632006764
0.0,0.309545279,0.0,0.578805923
0.0,0.171430543,0.0,0.609469712
0.0,0.143114701,0.0,0.574605167
0.0,0.098292246,0.0,0.354392409
0.0,0.035499647,0.0,0.486296773
0.0152,0.059476066,0.001,0.380780578
0.0911,0.11565797,0.0361,0.511300564
0.1895,0.450230718,0.1556,0.576747477
0.2332,0.528750181,0.2229,0.583429992
0.2898,0.409164637,0.3207,0.519946456
0.3538,0.186176032,0.3915,0.605123937
0.3662,0.088073134,0.4183,0.509155095
0.3455,0.035387903,0.4072,0.443727702
0.2894,0.104915872,0.3946,0.44295612
0.2522,0.058641382,0.3199,0.410591662
0.177,0.102075763,0.2486,0.363248765
0.1159,0.119901411,0.1285,0.475088507
0.0529,0.0421708,0.068,0.527274489
0.048,0.026643943,0.0668,0.398225695
0.0,0.006000017,0.0,0.446907103
0.0,0.011312632,0.0,0.49304834
0.0,0.147607014,0.0,0.621403217
0.0,0.327344626,0.0,0.594646752
0.0,0.510582566,0.0,0.597996175
0.0,0.665729821,0.0,0.616550386
0.0,0.769778907,0.0,0.678454101
0.0,0.781615794,0.0,0.732066453
0.0,0.923156559,0.0,0.680707097
0.1017,0.872993588,0.1517,0.700340629
0.103,0.416936696,0.1317,0.468663871
0.2403,0.640715778,0.2659,0.308907151
0.3815,0.548123121,0.4216,0.433436096
0.4815,0.678181589,0.4981,0.668577075
0.5593,0.523655593,0.5462,0.600421906
0.6001,0.422979057,0.5636,0.4817487
0.6257,0.440276533,0.584,0.500855207
0.6342,0.288656324,0.5905,0.445044398
0.5798,0.088861234,0.5736,0.536001384
0.4757,0.048434187,0.4946,0.585669577
0.3352,0.015997954,0.3746,0.476768315
0.1595,0.02092329,0.2176,0.462205201
0.0851,0.016852297,0.1172,0.34112674
0.1883,0.024710625,0.1645,0.224550784
0.0,0.056830518,0.0,0.50530684
0.0,0.067118898,0.0,0.625415683
0.0,0.083863556,0.0,0.80799073
0.0,0.224713877,0.0,0.827878237
0.0,0.295715094,0.0,0.795009732
0.0,0.475750923,0.0,0.806117177
0.0,0.429904968,0.0,0.751525283
0.0,0.133806333,0.0,0.688379347
0.0,0.097172618,0.0,0.590809584
0.187,0.178564966,0.1914,0.440276444
0.093,0.15810056,0.1356,0.206560731
0.2452,0.085907668,0.2812,0.076066189
0.4187,0.136811152,0.4427,0.052358244
0.5509,0.16231443,0.564,0.072258621
0.6487,0.265915275,0.6528,0.163257718
0.6968,0.404657096,0.7036,0.21888794
0.693,0.51797837,0.7014,0.174088746
0.6863,0.590401947,0.6962,0.271408796
0.6064,0.492305607,0.6233,0.288551986
0.4918,0.327540308,0.5182,0.327175796
0.343,0.226276025,0.3867,0.23930341
0.1604,0.203923002,0.2214,0.183847055
0.087,0.11941237,0.1234,0.155675009
0.2318,0.280301064,0.2254,0.147988319
0.0,0.350494742,0.0,0.283060133
0.0,0.308144778,0.0,0.354517639
0.0,0.317373067,0.0,0.417354345
0.0,0.228583589,0.0,0.352071643
0.0,0.126057819,0.0,0.384281546
0.0,0.145783231,0.0,0.439341187
0.0,0.1197372,0.0,0.447830498
0.0,0.130558938,0.0,0.448487759
0.0,0.122706443,0.0,0.378204077
0.1887,0.212007314,0.2121,0.328149706
0.0929,0.1003922,0.1401,0.142711937
0.2427,0.031912338,0.2791,0.020971987
0.4116,0.048532557,0.4387,0.03525766
0.5369,0.043898437,0.554,0.0197175
0.6279,0.071059972,0.6423,0.045648471
0.6575,0.042385492,0.6722,0.063592114
0.6482,0.089992523,0.6526,0.095929787
0.6391,0.129399985,0.6397,0.073528484
0.5776,0.140253082,0.5868,0.09993241
0.4757,0.140412569,0.4965,0.102977335
0.3383,0.338652551,0.3819,0.080296755
0.1684,0.413234174,0.2233,0.192715466
0.0868,0.488830209,0.1236,0.310765326
0.0487,0.315008312,0.0592,0.376608133
0.0,0.294467419,0.0,0.381036401
0.0,0.33345896,0.0,0.470916688
0.0,0.247955799,0.0,0.443783104
0.0,0.21165216,0.0,0.426078439
0.0,0.08057832,0.0,0.391872585
0.0,0.05053981,0.0,0.369980156
0.0,0.027604669,0.0,0.293420106
0.0,0.024256045,0.0,0.263359457
0.0,0.022627071,0.0,0.209918827
0.1238,0.007028688,0.1169,0.201831371
0.1126,0.000443146,0.1345,0.159745127
0.2482,0.000209463,0.267,0.119903788
0.4064,0.006409309,0.4155,0.127775416
0.5351,0.000249937,0.5408,0.094079047
0.6317,2.38e-5,0.633,0.086347684
0.6694,0.003048241,0.6776,0.116006024
0.6718,0.042286195,0.6771,0.275058508
0.6624,0.053152397,0.6612,0.289999306
0.5849,0.090882063,0.5833,0.515571296
0.4741,0.133875713,0.4927,0.687199116
0.3354,0.328875691,0.3771,0.80862993
0.1691,0.303652883,0.2266,0.789527178
0.0894,0.411599845,0.1258,0.832211196
0.1753,0.407856643,0.1013,0.791961193
0.0,0.466663718,0.0,0.738780499
0.0,0.442651212,0.0,0.638597965
0.0,0.190238789,0.0,0.55591768
0.0,0.081739865,0.0,0.482379586
0.0,0.069366634,0.0,0.059702866
0.0,0.173460245,0.0,0.074365459
0.0,0.330310285,0.0,0.062557846
0.0,0.484885126,0.0,0.071087427
0.0,0.506483376,0.0,0.075161591
0.0316,0.51050359,0.0168,0.044340335
0.0805,0.199067056,0.1067,0.05166579
0.2149,0.356455564,0.2393,0.01513879
0.3659,0.283349901,0.3837,0.016382087
0.4898,0.25886184,0.4951,0.009380207
0.5831,0.385790199,0.5785,0.023820121
0.6085,0.518073618,0.6126,0.09957771
0.5999,0.445449471,0.6174,0.080900639
0.5772,0.387315661,0.6044,0.254250467
0.5188,0.37337923,0.5663,0.181480706
0.4201,0.503884971,0.4586,0.158758685
0.3017,0.433672816,0.3374,0.189708054
0.1691,0.605397165,0.2068,0.152186692
0.0705,0.168280423,0.0937,0.108798154
0.0,0.094467729,0.0,0.114200592
0.0,0.062528327,0.0,0.16704531
0.0,0.15690814,0.0,0.19962807
0.0,0.118883848,0.0,0.168253437
0.0,0.251304626,0.0,0.078460611
0.0,0.46454832,0.0,0.091273665
0.0,0.619871557,0.0,0.153806269
0.0,0.782924116,0.0,0.185553581
0.0,0.544351637,0.0,0.213648766
0.0,0.388339579,0.0,0.246533602
0.0259,0.188761607,0.0003,0.20844081
0.096,0.056012779,0.0996,0.15391171
0.2133,0.011642265,0.2184,0.141758978
0.3624,0.005336904,0.3801,0.141372338
0.4795,0.036412083,0.497,0.176750541
0.5633,0.113800742,0.566,0.240983516
0.5708,0.309363514,0.5632,0.291923583
0.534,0.537328064,0.5305,0.310834885
0.5641,0.75558275,0.5783,0.32536751
0.5537,0.804839015,0.5735,0.281852484
0.457,0.814335048,0.4853,0.264059514
0.3439,0.82010901,0.4051,0.214059621
0.1642,0.700861871,0.2135,0.283645898
0.0638,0.377394527,0.0909,0.375071973
0.0,0.301600695,0.0,0.475409746
0.0,0.539320409,0.0,0.512138724
0.0,0.604777336,0.0,0.561678171
0.0,0.605847716,0.0,0.698435903
0.0,0.867583036,0.0,0.629852653
0.0,0.896252215,0.0,0.6318084
0.0,0.902161598,0.0,0.730929375
0.0,0.807876408,0.0,0.745003581
0.0,0.481758773,0.0,0.693539083
0.0,0.350461036,0.0,0.562577009
0.0054,0.369291186,0.0003,0.480208516
0.0826,0.327216417,0.1088,0.477022827
0.2036,0.128708065,0.2241,0.218143106
0.3215,0.109231159,0.3379,0.194244981
0.4199,0.032121081,0.4303,0.267623186
0.5034,0.165889904,0.5516,0.235411063
0.5322,0.229558229,0.5807,0.330409825
0.5403,0.552829027,0.5564,0.273507774
0.4716,0.673825681,0.4414,0.400495827
0.3179,0.909441948,0.2005,0.565150857
0.1481,0.40397352,0.201,0.624679148
0.1209,0.053071491,0.2205,0.632019281
0.1182,0.009857893,0.1106,0.62109381
0.0209,0.022703402,0.0083,0.588119864
0.0,0.06118574,0.0,0.625629306
0.0,0.155283213,0.0,0.692180157
0.0,0.194212124,0.0,0.848867655
0.0,0.325269014,0.0,0.804378629
0.0,0.216164544,0.0,0.607896805
0.0,0.294233441,0.0,0.649045944
0.0,0.27193734,0.0,0.564376056
0.0,0.172537595,0.0,0.66976577
0.0,0.461593479,0.0,0.455647349
0.0,0.475345463,0.0,0.362804651
0.0124,0.302758217,0.0,0.430874139
0.0858,0.147479713,0.0708,0.283736497
0.1993,0.066136509,0.1866,0.209491715
0.3012,0.048136499,0.3088,0.188906968
0.4181,0.001305424,0.41,0.200804844
0.5171,0.02227441,0.4767,0.180536553
0.5313,0.010808986,0.5248,0.432551235
0.5773,0.011530235,0.5645,0.437235355
0.5196,0.058907609,0.5172,0.519850671
0.4946,0.063854888,0.5145,0.718330741
0.4443,0.145684391,0.4684,0.601710439
0.3279,0.10168203,0.3687,0.695452809
0.1745,0.104971349,0.2197,0.618776441
0.071,0.01616681,0.0928,0.620671511
0.0002,0.297574669,0.0,0.394486606
0.0,0.367312461,0.0,0.647626281
0.0,0.0007446,0.0,0.007264851
0.0,0.068054058,0.0,0.717990816
0.0,0.094593525,0.0,0.787509739
0.0,0.213648081,0.0,0.724269986
0.0,0.531912327,0.0,0.727548957
0.0,0.692196727,0.0,0.753442526
0.0,0.518783391,0.0,0.668654859
0.0,0.676166594,0.0,0.503800452
0.0042,0.510285676,0.0,0.366526216
0.0398,0.148385465,0.0037,0.123009101
0.1349,0.017506892,0.0539,0.004508218
0.246,0.102544896,0.1719,0.004836794
0.3214,0.135170639,0.2838,0.006659714
0.3781,0.132621363,0.37,0.03347563
0.4205,0.069042861,0.4164,0.066656902
0.4431,0.048704062,0.387,0.12635231
0.4225,0.026934966,0.3769,0.097560838
0.4012,0.03281936,0.3819,0.046201877
0.3611,0.031553883,0.3384,0.047009844
0.2682,0.081398696,0.2655,0.058036353
0.1522,0.036627773,0.1453,0.080282196
0.0493,7.58e-6,0.0601,0.026029274
0.0035,0.009274209,0.0,0.205130726
0.0,0.005863861,0.0,0.239637733
0.0,0.003044422,0.0,0.228756726
0.0,0.005838812,0.0,0.265000641
0.0,0.00170265,0.0,0.305796921
0.0,0.005503632,0.0,0.253565937
0.0,0.006187149,0.0,0.188861892
0.0,0.105491459,0.0,0.158726007
0.0,0.203179836,0.0,0.144552737
0.0,0.31184566,0.0,0.151686087
0.0958,0.15729934,0.0236,0.15887779
0.085,0.027425,0.1118,0.098857567
0.2209,0.000555741,0.2461,0.015690109
0.3936,0.001436484,0.4127,0.000112617
0.5269,0.003749114,0.5355,0.000105856
0.6269,0.010715026,0.612,0.001608537
0.6626,0.024330039,0.6631,0.012877713
0.6526,0.009454269,0.6607,0.051263224
0.6325,0.015575085,0.6558,0.051028762
0.5865,0.038747013,0.6019,0.067830533
0.4871,0.055153936,0.5113,0.089574166
0.35,0.099925354,0.39,0.187966168
0.1748,0.171507657,0.2283,0.252968103
0.0721,0.259897947,0.1039,0.293105483
0.0038,0.484913051,0.0004,0.292433858
0.0,0.65207845,0.0,0.584969997
0.0,0.549565196,0.0,0.615296006
0.0,0.264352381,0.0,0.701627791
0.0,0.201819241,0.0,0.640225172
0.0,0.110443436,0.0,0.574448824
0.0,0.227475628,0.0,0.627178669
0.0,0.0,0.0,0.00530291
0.0,0.0,0.0,0.003513803
0.0,0.007766452,0.0,0.003311914
0.1493,0.011667026,0.146,0.003518699
0.0807,0.006440069,0.1169,0.013626697
0.2201,0.147832498,0.2513,0.10863997
0.3898,0.007227662,0.408,0.065270953
0.5143,0.0,0.5257,0.094853349
0.6101,0.002701762,0.6115,0.116510764
0.6395,0.036665987,0.6428,0.184746236
0.6368,0.050647214,0.6367,0.309439421
0.6288,0.118039176,0.6295,0.385022372
0.5833,0.2463561,0.5949,0.370233446
0.478,0.403732568,0.5051,0.371943533
0.345,0.448961526,0.3877,0.402502477
0.1708,0.506937206,0.2244,0.429250807
0.0667,0.515148342,0.1006,0.467637539
0.0,0.401803851,0.0,0.456362575
0.0,0.542189062,0.0,0.71908617
0.0,0.627934754,0.0,0.706160724
0.0,0.294224769,0.0,0.819404304
0.0,0.445834845,0.0,0.787577629
0.0,0.024488203,0.0,0.211383402
0.0,0.005497254,0.0,0.228788704
0.0,0.000441103,0.0,0.238111526
0.0,0.000736618,0.0,0.280220598
0.0,0.013448789,0.0,0.335776538
0.0,0.001552999,0.0,0.371844947
0.0431,0.016414369,0.0466,0.379808933
0.1775,0.005320419,0.1907,0.088616818
0.3417,0.0,0.3665,0.001679926
0.4808,0.0,0.4885,0.000457473
0.5742,0.0,0.5011,0.000646615
0.5341,0.0,0.4825,0.012560356
0.4891,0.000754692,0.4556,0.019351425
0.4521,0.038070913,0.4608,0.025946101
0.4369,0.06807334,0.4621,0.106752187
0.3852,0.120829791,0.4827,0.124011248
0.2983,0.122325301,0.3694,0.168473959
0.1453,0.214777768,0.1858,0.216642812
0.0205,0.103976943,0.0151,0.324292243
0.0,0.146478951,0.0,0.551609874
0.0,0.081246406,0.0,0.481333166
0.0,0.099981464,0.0,0.393494248
0.0,0.121285483,0.0,0.333009362
0.0,0.345799059,0.0,0.301646888
0.0,0.358311385,0.0,0.245249376
0.0,0.194117829,0.0,0.153551921
0.0,0.110107139,0.0,0.090068094
0.0,0.081565939,0.0,0.085924797
0.0,0.281551629,0.0,0.240650654
0.0,0.279634416,0.0,0.396836817
0.0223,0.212583974,0.0276,0.381199241
0.1784,0.361322314,0.2007,0.18445313
0.3427,0.274970293,0.3705,0.131783009
0.4846,0.310066044,0.515,0.054771841
0.5725,0.549035251,0.617,0.057597555
0.5996,0.357780188,0.6119,0.129023895
0.5755,0.297160596,0.6042,0.175138921
0.573,0.308325291,0.6034,0.146690637
0.549,0.118818954,0.5902,0.112838358
0.4675,0.116064131,0.4872,0.055768564
0.317,0.126575261,0.3457,0.094371229
0.1336,0.059000582,0.1521,0.047472261
0.0148,0.057932265,0.0257,0.054275297
0.0,0.058630191,0.0,0.121350482
0.0,0.168209702,0.0,0.11250753
0.0,0.110391833,0.0,0.131108373
0.0,0.112563834,0.0,0.108525306
0.0,0.187843025,0.0,0.193357229
0.0,0.191884756,0.0,0.219419837
0.0,0.289943606,0.0,0.173750401
0.0,0.18661052,0.0,0.182981074
0.0,0.261437118,0.0,0.214446887
0.0,0.285387605,0.0,0.290568531
0.0,0.183640614,0.0,0.296664894
0.0642,0.059578352,0.064,0.280617714
0.2111,0.02105093,0.2294,0.142356813
0.383,0.000327676,0.4194,0.023166763
0.5296,0.0,0.5294,0.036664654
0.6173,0.0,0.606,0.01770059
0.6147,0.0,0.6101,0.04053995
0.5963,4.64e-5,0.552,0.061745696
0.583,0.000644455,0.5537,0.117708616
0.5717,0.012756106,0.5885,0.145780116
0.4633,0.039040573,0.4848,0.150234714
0.3282,0.091524944,0.3442,0.192582756
0.1391,0.114686362,0.173,0.176951408
0.0192,0.176582024,0.0385,0.275971234
0.0,0.210110322,0.0,0.457726896
0.0,0.243104339,0.0,0.566378832
0.0,0.420706183,0.0,0.510715723
0.0,0.370098799,0.0,0.560095489
0.0,0.790265799,0.0,0.469285667
0.0,0.661855102,0.0,0.450456172
0.0,0.717997789,0.0,0.519352913
0.0,0.733835995,0.0,0.545781553
0.0,0.524593949,0.0,0.52260375
0.0,0.374724686,0.0,0.578290582
0.0,0.147474244,0.0,0.672654927
0.0536,0.116236642,0.0656,0.698708355
0.2156,0.10792923,0.2278,0.504605353
0.3624,0.014900561,0.3432,0.148610294
0.457,0.000839952,0.4161,0.088444382
0.4909,0.000334627,0.4938,0.104066178
0.5337,0.001384574,0.6022,0.205290958
0.5614,0.006068298,0.6255,0.168278873
0.5731,0.02413255,0.6169,0.283201665
0.5627,0.043813463,0.5878,0.337751269
0.4566,0.134383693,0.4864,0.334272325
0.3138,0.183430493,0.3612,0.409378052
0.1382,0.107053183,0.1829,0.373552203
0.0157,0.127708003,0.036,0.411909223
0.0,0.133422852,0.0,0.437734008
0.0,0.285129964,0.0,0.521359563
0.0,0.283379018,0.0,0.585067868
0.0,0.159851655,0.0,0.577053666
0.0,0.57962507,0.0,0.609774947
0.0,0.754561901,0.0,0.609237015
0.0,0.611357749,0.0,0.450032294
0.0,0.372281522,0.0,0.338815153
0.0,0.250736982,0.0,0.258467823
0.0,0.109799281,0.0,0.191373512
0.0,0.101276971,0.0,0.114194691
0.0498,0.134444043,0.0666,0.110491574
0.2088,0.163690537,0.2258,0.016773593
0.3714,0.003203062,0.38,0.020016165
0.483,0.0,0.4861,0.011504777
0.5506,0.0,0.5247,0.027993515
0.5401,0.0,0.5085,0.038645867
0.5246,0.000301063,0.5305,0.032318179
0.5164,0.011065927,0.5355,0.032075513
0.4891,0.037177719,0.4995,0.019559074
0.3955,0.055280887,0.4104,0.043799516
0.2852,0.14146091,0.3526,0.049676921
0.1296,0.155148029,0.1675,0.048560832
0.0073,0.02911645,0.0205,0.123071775
0.0,0.020586953,0.0,0.142420888
0.0,0.017006775,0.0,0.183028519
0.0,0.016090911,0.0,0.149926037
0.0,0.034998387,0.0,0.211292326
0.0,0.095579408,0.0,0.249545693
0.0,0.176470742,0.0,0.21323733
0.0,0.177451313,0.0,0.226848692
0.0,0.2249275,0.0,0.218803883
0.0,0.140706241,0.0,0.272590637
0.0,0.085635424,0.0,0.241350695
0.0,0.020704094,0.0,0.28406617
0.0376,0.002257308,0.0425,0.326939523
0.1679,0.001343192,0.1724,0.210281074
0.3053,0.002372579,0.3042,0.16682373
0.4204,1.76e-5,0.4168,0.120708011
0.4801,0.001147653,0.4976,0.090949811
0.5293,0.059270803,0.492,0.161989763
0.5588,0.072345227,0.5564,0.136165485
0.5357,0.09780746,0.5843,0.255556911
0.5009,0.148131341,0.5729,0.275317192
0.4341,0.443712413,0.4757,0.392962337
0.3047,0.480769128,0.3243,0.559274435
0.1335,0.374290407,0.1598,0.574594319
0.0131,0.382233739,0.0213,0.570596933
0.0,0.314262241,0.0,0.69997561
0.0,0.403662413,0.0,0.691486657
0.0,0.284232348,0.0,0.590405107
0.0,0.189224839,0.0,0.64343071
0.0,0.211672679,0.0,0.456028104
0.0,0.132683113,0.0,0.541794658
0.0,0.057144277,0.0,0.579233587
0.0,0.104336128,0.0,0.735429168
0.0,0.097777627,0.0,0.712021112
0.0,0.05427013,0.0,0.675500989
0.0,0.055842452,0.0,0.587614536
0.0406,0.095989451,0.0634,0.539128423
0.2104,0.062838465,0.2258,0.308826715
0.3931,0.007532438,0.4117,0.166598231
0.5351,0.000374348,0.5439,0.035945348
0.6404,0.00032155,0.6451,0.02241262
0.6488,0.000352971,0.6582,0.049111038
0.6503,0.004096869,0.6607,0.077151828
0.6435,0.010309711,0.6521,0.132567197
0.5997,0.032383375,0.6166,0.138344169
0.4801,0.072304383,0.5075,0.166375995
0.3244,0.100602642,0.3651,0.31999433
0.1324,0.112688825,0.1782,0.323047101
0.0085,0.225813627,0.0295,0.3913849
0.0,0.206518441,0.0,0.577695429
0.0,0.418049455,0.0,0.663550913
0.0,0.594238639,0.0,0.65632081
0.0,0.498331428,0.0,0.529265046
0.0,0.159249201,0.0,0.677042365
0.0,0.000170827,0.0,0.039480999
0.0,0.000330491,0.0,0.042134315
0.0,0.008975953,0.0,0.047144126
0.0,0.028366176,0.0,0.044882912
0.0,0.047658481,0.0,0.040577874
0.0,0.020951875,0.0,0.04116822
0.0,0.016528202,0.0,0.043201886
0.103,0.061987393,0.0719,0.052069955
0.3367,0.029779723,0.3259,0.058852695
0.5029,0.038432878,0.5018,0.088490315
0.6295,0.059015073,0.6078,0.135328561
0.641,0.170929462,0.6065,0.234617501
0.6296,0.330376446,0.6128,0.235211819
0.6023,0.40051046,0.5842,0.393817782
0.4756,0.54056108,0.481,0.508648992
0.3125,0.445490211,0.3059,0.387741148
0.0716,0.353917331,0.0951,0.300351799
0.0,0.474078,0.0,0.284488797
0.0,0.494052589,0.0,0.337671727
0.0,0.595775306,0.0,0.348833591
0.0,0.62349987,0.0,0.487308443
0.0,0.696579933,0.0,0.555295467
0.0,0.625244915,0.0,0.644382298
0.0,0.672557771,0.0,0.689055562
0.0,0.566133976,0.0,0.767054141
0.0,0.705252767,0.0,0.732545972
0.0,0.513045669,0.0,0.767071962
0.0,0.510314405,0.0,0.481121004
0.0,0.729553521,0.0,0.413037866
0.0,0.761322439,0.0,0.607999206
0.0,0.493663102,0.0,0.52047503
0.0002,0.36528033,0.0,0.459775805
0.2048,0.331763327,0.2009,0.419153154
0.3617,0.315054476,0.3846,0.349077016
0.4551,0.36612308,0.4206,0.233005673
0.4406,0.407980204,0.4248,0.175957173
0.3895,0.788694203,0.4079,0.30339554
0.3436,0.471933067,0.3871,0.439860284
0.2994,0.671246827,0.3139,0.449415863
0.1652,0.435648322,0.2324,0.542967975
0.012,0.209347382,0.0679,0.240013599
0.0,0.228019759,0.0,0.114786729
0.0,0.536509931,0.0,0.591418445
0.0,0.538068175,0.0,0.592992246
0.0,0.230950385,0.0,0.078851521
0.0,0.169289395,0.0,0.0990365
0.0,0.201660678,0.0,0.135033727
0.0,0.138939247,0.0,0.119213603
0.0,0.036772445,0.0,0.056109518
0.0,0.00308613,0.0,0.031988516
0.0,0.000706943,0.0,0.062169198
0.0,0.001301517,0.0,0.043859672
0.0,0.016332004,0.0,0.026609097
0.0,0.008077377,0.0,0.018657302
0.0,0.019539453,0.0,0.028255571
0.0741,0.002058651,0.0775,0.028066568
0.3326,0.056036718,0.3077,0.058862176
0.513,0.274677455,0.4897,0.210383117
0.6304,0.325939208,0.6502,0.310549378
0.6421,0.269390732,0.6793,0.312219173
0.6634,0.289349556,0.708,0.431685686
0.6169,0.0,0.6714,0.0
0.5355,0.208825722,0.5738,0.41941601
0.3307,0.0,0.3691,0.0
0.0844,0.0,0.1219,0.0
0.0,0.0,0.0,0.0
0.0,0.291040152,0.0,0.593102396
0.0,0.605302572,0.0,0.444494605
0.0,0.0,0.0,0.0
0.0,0.0,0.0,0.0
0.0,0.0,0.0,0.0
0.0,0.0,0.0,0.0
0.0,0.0,0.0,0.0
0.0,0.0,0.0,0.0
0.0,0.0,0.0,0.0
0.0,0.0,0.0,0.0
0.0,0.0,0.0,0.0
0.0,0.0,0.0,0.0
0.0,0.0,0.0,0.0
0.0709,0.0,0.0674,0.0
0.2937,0.0,0.2968,0.0
0.4255,0.0,0.461,0.0
0.5184,0.0,0.5393,0.0
0.5122,0.0,0.4746,0.0
0.4839,0.039806731,0.5537,0.174783945
0.4576,0.0,0.5086,0.0
0.4155,0.001499381,0.4354,0.17243734
0.2268,0.00029518,0.2009,0.3103351
0.0106,6.09e-5,0.0005,0.031522494
0.0,3.58e-5,0.0,0.003092523
0.0,4.91e-5,0.0,0.003174704
0.0,6.41e-5,0.0,0.005214957
0.0,4.74e-5,0.0,0.003555125
0.0,4.34e-5,0.0,0.002840152
0.0,5.87e-5,0.0,0.001750828
0.0,3.65e-5,0.0,0.001786857
0.0,5.04e-5,0.0,0.001802123
0.0,3.33e-5,0.0,0.001555054
0.0,6.57e-5,0.0,0.003194453
0.0,6.53e-5,0.0,0.005853857
0.0,7.02e-5,0.0,0.007757547
0.0,4.94e-5,0.0,0.015071672
0.0,1.12e-5,0.0,0.012148128
0.0,2.84e-5,0.0017,0.02393923
0.1785,0.000200419,0.2658,0.028790483
0.4377,0.00237218,0.4747,0.05589845
0.5751,0.051822416,0.5178,0.104964383
0.5155,0.056211028,0.4517,0.120550618
0.4923,0.071888499,0.3956,0.077960521
0.4147,0.085337453,0.3687,0.057773225
0.3057,0.076875716,0.2795,0.055509232
0.1433,0.020311095,0.1759,0.041455455
0.0014,0.027379906,0.0297,0.02190993
0.0,0.016506765,0.0,0.019985341
0.0,0.010661581,0.0,0.035227433
0.0,0.029216683,0.0,0.093530074
0.0,0.01897984,0.0,0.07657744
0.0,0.012963274,0.0,0.050331928
0.0,0.012143001,0.0,0.040419694
0.0,0.00058385,0.0,0.021879192
0.0,1.25e-5,0.0,0.017546821
0.0,0.000268777,0.0,0.02471143
0.0,0.000301618,0.0,0.036863197
0.0,0.005135396,0.0,0.048120715
0.0,0.003235959,0.0,0.020783674
0.0,0.004908995,0.0,0.034994986
0.0,0.003336316,0.0,0.015394686
0.0727,0.003471117,0.0684,0.01665945
0.3305,0.004270801,0.3375,0.037597105
0.5087,0.008132322,0.517,0.070744701
0.6255,0.081011914,0.636,0.108079299
0.6438,0.112119257,0.6664,0.044273067
0.6342,0.031323094,0.6641,0.032415222
0.6073,0.030429002,0.6386,0.031280816
0.4905,0.007816003,0.5212,0.069783062
0.3167,0.013387572,0.3481,0.034498572
0.0647,0.0,0.1059,0.009384813
0.0,0.0,0.0,0.005913305
0.0,0.0,0.0,0.004123555
0.0,0.0,0.0,0.001567991
0.0,0.0,0.0,0.001472575
0.0,0.000321551,0.0,0.001512685
0.0,0.008571428,0.0,0.001117161
0.0,0.023775127,0.0,0.000480715
0.0,0.007332826,0.0,0.000770831
0.0,0.009890662,0.0,0.000897505
0.0,0.010256416,0.0,0.000182501
0.0,0.00962998,0.0,0.000173381
0.0,0.006760235,0.0,0.000792753
0.0,0.008187366,0.0,0.001113133
0.0,0.006208578,0.0,0.000379189
0.0732,0.000949961,0.0626,0.000776284
0.3249,0.00813111,0.3298,0.002293999
0.5055,0.023034059,0.5071,0.001693855
0.6259,0.036741018,0.6188,0.003433702
0.6462,0.018753242,0.6542,0.000721696
0.6498,0.014817446,0.6549,0.001589493
0.6233,0.001068622,0.6278,0.000175662
0.4959,0.000394323,0.4984,9.61e-5
0.2951,0.000163447,0.3003,0.000151504
0.0327,1.68e-5,0.0558,2.09e-5
0.0,5.27e-5,0.0,4.39e-6
0.0,0.001216543,0.0,3.11e-5
0.0,0.002289178,0.0,0.001215237
0.0,0.004496836,0.0,0.001903116
0.0,0.014883439,0.0,0.001491165
0.0,0.026143538,0.0,0.001652725
0.0,0.039016221,0.0,0.001880916
0.0,0.196855649,0.0,0.364896327
0.0,0.07997895,0.0,0.230226904
0.0,0.085180894,0.0,0.280503005
0.0,0.098656289,0.0,0.206801504
0.0,0.141046807,0.0,0.150344521
0.0,0.15791139,0.0,0.16248101
0.0,0.149105087,0.0,0.089340515
0.0,0.101002522,0.0,0.067649417
0.2772,0.168160841,0.288,0.072323456
0.4703,0.459758073,0.4637,0.148451656
0.5945,0.730826378,0.5536,0.318755865
0.6074,0.920655966,0.6065,0.398753226
0.6058,0.900399923,0.579,0.478337765
0.573,0.830963373,0.5484,0.682277143
0.4695,0.834859908,0.4642,0.461171448
0.2946,0.530247152,0.3147,0.297343254
0.0015,0.257003456,0.0484,0.228956327
0.0,0.073373519,0.0,0.221199751
0.0,0.013176475,0.0,0.130152673
0.0,0.000357268,0.0,0.234487087
0.0,0.0,0.0,0.189554632
0.0,0.0,0.0,0.110512033
0.0,0.0,0.0,0.035743657
0.0,0.000295655,0.0,0.055080459
0.0,1.83e-5,0.0,0.03362409
0.0,0.0,0.0,0.021175332
0.0,0.0,0.0,0.00341103
0.0,0.0,0.0,0.002389108
0.0,0.0,0.0,0.003944313
0.0,0.0,0.0,0.003100403
0.0,0.000799759,0.0,0.003511916
0.0,0.00032822,0.0,0.001128754
0.1029,0.0,0.0745,0.000772598
0.2427,0.0,0.2522,0.000660239
0.3353,5.05e-6,0.3334,0.000466652
0.3693,0.0,0.3485,4.58e-5
0.321,0.0,0.3388,1.65e-5
0.2798,0.0,0.3379,1.49e-6
0.2887,6.15e-5,0.3133,0.0
0.1717,0.000322065,0.1924,0.000578687
0.0,0.000258478,0.0,4.49e-7
0.0,0.000254347,0.0,4.73e-6
0.0,0.00095264,0.0,0.000105247
0.0,0.001598039,0.0,0.0005258
0.0,0.002736128,0.0,0.001642361
0.0,0.004819703,0.0,0.001275363
0.0,0.002815315,0.0,0.001441495
0.0,0.001111662,0.0,0.002369676
0.0,0.004619826,0.0,0.004123273
0.0,0.013734495,0.0,0.004395677
0.0,0.006075219,0.0,0.007776518
0.0,0.005867018,0.0,0.021396797
0.0,0.006454244,0.0,0.020947153
0.0,0.001825185,0.0,0.026925843
0.0,0.017288091,0.0,0.044819325
0.0,0.000526794,0.0,0.058502775
0.1982,0.000747612,0.2372,0.055792175
0.3702,0.005186242,0.443,0.056126565
0.4604,0.019555334,0.5472,0.05412107
0.5011,0.017807115,0.5775,0.055959456
0.5173,0.012719838,0.5742,0.026762718
0.5058,0.156649753,0.4846,0.026849799
0.3876,0.307089061,0.3915,0.009776292
0.1969,0.214498192,0.2302,0.005743272
0.0,0.2281041,0.0021,0.00478826
0.0,0.112953909,0.0,0.004260485
0.0,0.059126329,0.0,0.003720263
0.0,0.007401282,0.0,0.005222955
0.0,0.014012869,0.0,0.005544674
0.0,0.00549963,0.0,0.002695719
0.0,3.54e-6,0.0,0.004272182
0.0,0.031184454,0.0,0.014847984
0.0,0.059124026,0.0,0.013666502
0.0,0.079677746,0.0,0.048023768
0.0,0.066642232,0.0,0.162439197
0.0,0.038001623,0.0,0.212555051
0.0,0.078255944,0.0,0.151014179
0.0,0.041557591,0.0,0.166452259
0.0,0.033567775,0.0,0.202019185
0.0,0.013971851,0.0,0.22157383
0.2668,0.019223142,0.2687,0.266779512
0.4708,0.029227782,0.4733,0.380293012
0.5885,0.169650957,0.5933,0.471342355
0.5494,0.348233074,0.5518,0.258014411
0.5991,0.438930571,0.6187,0.315827489
0.5673,0.351334214,0.623,0.180056363
0.483,0.403092742,0.5108,0.270218581
0.3013,0.522940397,0.3315,0.227596372
0.0001,0.347989529,0.0373,0.178521544
0.0,0.042578425,0.0,0.13617523
0.0,0.128508881,0.0,0.149890244
0.0,0.185722023,0.0,0.281802535
0.0,0.259771824,0.0,0.403117508
0.0,0.426333785,0.0,0.403636634
0.0,0.311244607,0.0,0.337498724
0.0,0.213788033,0.0,0.557706356
0.0,0.360295653,0.0,0.587857842
0.0,0.153321177,0.0,0.461893737
0.0,0.06624119,0.0,0.487103105
0.0,0.041442599,0.0,0.414392889
0.0,0.029058078,0.0,0.224741697
0.0,8.44e-5,0.0,0.102251709
0.0,0.000482521,0.0,0.128630966
0.0,0.0,0.0,0.050198104
0.1993,0.000641594,0.1787,0.12740384
0.38,0.036998596,0.3826,0.183763623
0.4883,0.103658676,0.4539,0.15910551
0.5493,0.093477517,0.5053,0.115790196
0.5521,0.057065763,0.4578,0.132838145
0.5214,0.012270316,0.4155,0.12889497
0.4105,0.01702342,0.375,0.075514629
0.2423,0.003028527,0.2447,0.065074511
0.0,0.030110713,0.0002,0.001844887
0.0,0.011046975,0.0,0.003227213
0.0,0.022840384,0.0,0.011765286
0.0,0.019630214,0.0,0.0135707
0.0,0.097961478,0.0,0.004110239
0.0,0.112173602,0.0,0.00703875
0.0,0.101782739,0.0,0.010116415
0.0,0.110446163,0.0,0.007726965
0.0,0.068983518,0.0,0.004615325
0.0,0.144262925,0.0,0.001911142
0.0,0.205671966,0.0,0.001943026
0.0,0.257281125,0.0,0.002347258
0.0,0.289213091,0.0,0.002721983
0.0,0.253973126,0.0,0.00569111
0.0,0.271025538,0.0,0.007540014
0.0,0.213243261,0.0,0.01368444
0.2168,0.236492172,0.2371,0.01000371
0.3862,0.201613888,0.3842,0.01665188
0.4511,0.150109321,0.4481,0.023584809
0.4476,0.162102938,0.4967,0.016751368
0.4533,0.125036791,0.4988,0.026214356
0.437,0.056647908,0.4838,0.022430997
0.4112,0.108449601,0.4464,0.014004987
0.275,0.085936442,0.2983,0.026054081
0.0,0.131815821,0.0032,0.018260367
0.0,0.096837506,0.0,0.03484806
0.0,0.047658637,0.0,0.04085673
0.0,0.078504041,0.0,0.02848977
0.0,0.071076289,0.0,0.026087586
0.0,0.116672114,0.0,0.048963085
0.0,0.13537927,0.0,0.031566687
0.0,0.123699278,0.0,0.045357767
0.0,0.076558188,0.0,0.059924081
0.0,0.080270179,0.0,0.068389259
0.0,0.086002328,0.0,0.059497163
0.0,0.048127584,0.0,0.08310324
0.0,0.01575792,0.0,0.102144554
0.0,0.012967503,0.0,0.122772872
0.0,0.002141553,0.0,0.171073705
0.0,0.0030981,0.0,0.219397694
0.1184,0.000234923,0.0845,0.200007498
0.2778,0.000373551,0.2591,0.220994174
0.3585,0.0,0.3346,0.209178418
0.3238,0.015729198,0.3968,0.203515097
0.3411,0.018590601,0.3904,0.227897614
0.3405,0.091118015,0.4161,0.209356695
0.286,0.052068722,0.324,0.324218661
0.1028,0.131338283,0.1612,0.288892925
0.0,0.101284891,0.0001,0.246395826
0.0,0.095428444,0.0,0.198073909
0.0,0.086883761,0.0,0.184009045
0.0,0.132991686,0.0,0.193628415
0.0,0.205821633,0.0,0.20093815
0.0,0.074472994,0.0,0.216271028
0.0,0.165889025,0.0,0.184818745
0.0,0.160590693,0.0,0.254487246
0.0,0.948060751,0.0,0.344566047
0.0,0.968795002,0.0,0.349321395
0.0,0.920570195,0.0,0.387455314
0.0,0.915033162,0.0,0.420267791
0.0,0.93106705,0.0,0.466814876
0.0,0.964147449,0.0,0.491728783
0.0,0.865228295,0.0,0.503290057
0.0,0.630746245,0.0,0.522607625
0.0047,0.548930883,0.0012,0.512592614
0.0927,0.839797556,0.1535,0.571044505
0.4885,0.626507342,0.4988,0.177272946
0.2045,0.406345069,0.2217,0.540132105
0.2195,0.422324628,0.2522,0.643624783
0.2344,0.390160412,0.208,0.664822519
0.1627,0.215015948,0.161,0.734352589
0.0863,0.251458287,0.0739,0.793614507
0.0,0.403544754,0.0,0.814629912
0.0,0.524721861,0.0,0.828825891
0.0,0.417192131,0.0,0.830017507
0.0,0.29080385,0.0,0.746881485
0.0,0.508419752,0.0,0.628943741
0.0,0.613990784,0.0,0.59251684
0.0,0.755406201,0.0,0.739096999
0.0,0.76316303,0.0,0.706968844
0.0,0.89406544,0.0,0.727778316
0.0,0.905935585,0.0,0.805239558
0.0,0.973092675,0.0,0.85394311
0.0,0.858394384,0.0,0.95251441
0.0,0.888274908,0.0,0.972224832
0.0,0.828928947,0.0,0.98458612
0.0,0.893690944,0.0,0.98853451
0.0,0.863422811,0.0,0.983852506
0.0207,0.591598213,0.0011,0.974061131
0.0515,0.425245762,0.1093,0.970405579
0.1372,0.16295065,0.239,0.964687347
0.234,0.0406061,0.3622,0.942841649
0.3238,0.007073462,0.446,0.915387094
0.3697,0.026672075,0.4443,0.895790637
0.2723,0.036231555,0.358,0.883965611
0.1336,0.104993083,0.2271,0.857621849
0.0,0.002954858,0.0015,0.859104574
0.0,5.17e-5,0.0,0.560796499
0.0,0.231597468,0.0,0.883975625
0.0,0.02157902,0.0,0.50161463
0.0,0.785671294,0.0,0.874453545
0.0,0.773067832,0.0,0.829093456
0.0,0.930281758,0.0,0.835861683
0.0,0.912500381,0.0,0.837355137
0.0,0.991850436,0.0,0.845780611
0.0,0.997183025,0.0,0.864656925
0.0,0.998820007,0.0,0.824689507
0.0,0.988576114,0.0,0.809691548
0.0,0.987490177,0.0,0.814585924
0.0,0.966065586,0.0,0.792777717
0.0,0.966192782,0.0,0.80385685
0.0,0.992122948,0.0,0.84248817
0.131,0.99207449,0.1541,0.820585608
0.3268,0.985871851,0.4076,0.823234618
0.4726,0.912636936,0.4867,0.712467134
0.4975,1.0,0.502,0.738969147
0.466,1.0,0.4856,0.734872818
0.4577,1.0,0.4776,0.82385844
0.3858,1.0,0.4049,0.846394658
0.2499,1.0,0.2799,0.877283812
0.0011,0.999357283,0.0142,0.857719064
0.0,0.973172128,0.0,0.82657814
0.0,0.988195121,0.0,0.821926236
0.0,0.753647685,0.0,0.204021156
0.0,0.903469324,0.0,0.708783388
0.0,0.855964899,0.0,0.606735349
0.0,0.965489328,0.0,0.546737313
0.0,0.518625796,0.0,0.471610099
0.0,0.404243648,0.0,0.499005049
0.0,0.955841482,0.0,0.362698406
0.0,0.902587056,0.0,0.2276434
0.0,0.833757401,0.0,0.204485476
0.0,0.595389485,0.0,0.223155558
0.0,0.507802248,0.0,0.26852572
0.0,0.492616057,0.0,0.196111172
0.0,0.583466828,0.0,0.186900377
0.2102,0.0049446,0.2145,0.02852121
0.4132,0.023828983,0.43,0.006137889
0.5376,0.00051596,0.588,0.015036192
0.5974,0.003811433,0.6619,0.007312477
0.5731,0.004492204,0.6333,0.006372233
0.4995,0.04070691,0.5888,0.003032009
0.3932,0.025645019,0.3718,0.000760925
0.1858,0.148547709,0.1745,0.044820458
0.0,0.032718968,0.0,0.121228307
0.0,0.301874906,0.0,0.189463079
0.0,0.388644904,0.0,0.271698296
0.0,0.507278144,0.0,0.478265643
0.0,0.485150129,0.0,0.398450971
0.0,0.5977,0.0,0.357499659
0.0,0.777572513,0.0,0.480053067
0.0,0.905500472,0.0,0.501342833
0.0,0.918302298,0.0,0.400150657
0.0,0.93642807,0.0,0.340167463
0.0,0.980234683,0.0,0.528440297
0.0,0.997672081,0.0,0.485906631
0.0,0.997290134,0.0,0.561473548
0.0,0.997363389,0.0,0.722633004
0.0,1.0,0.0,0.747998774
0.0,1.0,0.0,0.748306632
0.0,1.0,0.0001,0.907060266
0.0446,1.0,0.0558,0.982385278
0.0583,1.0,0.0287,0.981374264
0.0588,0.997597039,0.065,0.948304415
0.0315,1.0,0.0339,0.99208951
0.0289,1.0,0.2606,1.0
0.1648,0.990978003,0.383,1.0
0.285,0.932233751,0.2594,0.926462054
0.0,1.0,0.0,0.999726057
0.0,0.868762195,0.0,0.997933269
0.0,0.655033052,0.0,0.992620349
0.0,0.466116309,0.0,0.99098289
0.0,0.808867455,0.0,0.991220474
0.0,0.259511918,0.0,0.578857839
0.0,0.330851376,0.0,0.449934274
0.0,0.520800292,0.0,0.888722062
0.0,0.637001514,0.0,0.811786354
0.0,0.550767601,0.0,0.836008787
0.0,0.509570956,0.0,0.805447817
0.0,0.708533406,0.0,0.713231623
0.0,0.85241431,0.0,0.638344944
0.0,0.992044389,0.0,0.595443845
0.0,0.576828361,0.0,0.074237362
0.0,0.499022454,0.0,0.071709111
0.0978,0.734134138,0.0935,0.07799831
0.2792,0.998327315,0.2962,0.234298646
0.4105,1.0,0.4065,0.245920241
0.4492,1.0,0.4214,0.261467129
0.4963,1.0,0.43,0.244671449
0.4878,1.0,0.4406,0.287394404
0.4023,1.0,0.3807,0.31978786
0.2639,1.0,0.2685,0.356773227
0.0209,0.998755574,0.0563,0.466454327
0.0,0.877889574,0.0,0.630985141
0.0,0.882909715,0.0,0.707187116
0.0,0.950754344,0.0,0.819473982
0.0,0.974348128,0.0,0.5069381
0.0,1.0,0.0,0.897075057
0.0,0.994307339,0.0,0.90114522
0.0,0.99816674,0.0,0.94619894
0.0,0.991348386,0.0,0.917904496
0.0,0.9349401,0.0,0.985740066
0.0,0.895884573,0.0,0.989411354
0.0,0.905766428,0.0,0.98770678
0.0,0.955079734,0.0,0.983844399
0.0,0.985930979,0.0,0.975888431
0.0,0.937855124,0.0,0.959067583
0.0,0.827365756,0.0,0.94615835
0.2274,0.673906088,0.189,0.944834948
0.4451,0.525920928,0.346,0.868874252
0.5487,0.250736058,0.4271,0.827648282
0.5288,0.346493572,0.4127,0.833770573
0.4508,0.175522581,0.4253,0.859382033
0.4375,0.151652679,0.4323,0.808366656
0.3749,0.26580295,0.3965,0.718648612
0.2477,0.76519984,0.3089,0.686894178
0.0342,0.561110258,0.0853,0.652467132
0.0,0.201530188,0.0,0.646622181
0.0,0.469632506,0.0,0.6867342
0.0,0.65647018,0.0,0.532880247
0.0,0.907784522,0.0,0.489718676
0.0,0.838078797,0.0,0.470822036
0.0,0.612954617,0.0,0.338083714
0.0,0.935695052,0.0,0.384214431
0.0,0.891264915,0.0,0.376539081
0.0,0.901794314,0.0,0.547817469
0.0,0.580896437,0.0,0.66630137
0.0,0.671883285,0.0,0.690281034
0.0,0.730931163,0.0,0.682599187
0.0,0.847759366,0.0,0.823539615
0.0,0.570566654,0.0,0.853746295
0.0,0.587459981,0.0,0.76987946
0.2255,0.430522531,0.1996,0.830218911
0.4422,0.295325905,0.3925,0.801442981
0.5408,0.230751023,0.5052,0.36207211
0.6649,0.038637538,0.6271,0.752291322
0.6653,0.027972339,0.6283,0.853653669
0.6232,0.003821803,0.5558,0.64032954
0.4789,0.0,0.3366,0.731051683
0.2156,0.0,0.2418,0.707893193
0.0405,0.0,0.0936,0.763192058
0.0,0.0,0.0,0.681941926
0.0,0.000138296,0.0,0.591946006
0.0,2.39e-5,0.0,0.556228101
0.0,0.112759262,0.0,0.592993617
0.0,0.065083273,0.0,0.507217348
0.0,0.03785,0.0,0.47849381
0.0,0.050265197,0.0,0.434520662
0.0,0.024401449,0.0,0.44413203
0.0,0.080658779,0.0,0.53066659
0.0,0.09083049,0.0,0.641258776
0.0,0.102932185,0.0,0.652964115
0.0,0.053545624,0.0,0.629621744
0.0,0.036750425,0.0,0.674599767
0.0,0.068198405,0.0,0.630179763
0.0,0.046863131,0.0,0.509154797
0.0422,0.107855961,0.0391,0.496408969
0.2161,0.073769592,0.2392,0.369639933
0.3402,0.096204944,0.3993,0.273897141
0.3622,0.090888523,0.4447,0.223498344
0.3953,0.204916432,0.4565,0.231132418
0.3981,0.614287555,0.4883,0.278741419
0.3761,0.396234602,0.4657,0.353136688
0.2498,0.44301182,0.3093,0.690033734
0.0551,0.563068867,0.0873,0.871266007
0.0,0.578494728,0.0,0.821167469
0.0,0.554012716,0.0,0.816803336
0.0,0.288248062,0.0,0.80369103
0.0,0.377781332,0.0,0.859747529
0.0,0.522050619,0.0,0.876440525
0.0,0.467802584,0.0,0.891503215
0.0,0.643998861,0.0,0.844865441
0.0,0.491686612,0.0,0.855952859
0.0,0.568493903,0.0,0.852300942
0.0,0.501532674,0.0,0.876417518
0.0,0.558961034,0.0,0.839134216
0.0,0.585154474,0.0,0.80466181
0.0,0.75543189,0.0,0.771434188
0.0,0.795613706,0.0,0.733233035
0.0,0.470140994,0.0,0.733050108
0.2042,0.695743799,0.1539,0.684437871
0.4346,0.287195146,0.4034,0.58878541
0.5342,0.180981278,0.4186,0.09973146
0.4958,0.270533502,0.3768,0.230113298
0.4244,0.15253976,0.2969,0.141212463
0.2468,0.258310646,0.241,0.075190701
0.2304,0.239578649,0.1715,0.072806068
0.0783,0.367282093,0.0827,0.1137833
0.0,0.713304579,0.0,0.235361636
0.0,0.965839982,0.0,0.436572254
0.0,0.98267597,0.0,0.562924743
0.0,0.967140913,0.0,0.028453972
0.0,0.94022572,0.0,0.034208149
0.0,1.0,0.0,0.385140538
0.0,1.0,0.0,0.514250517
0.0,0.999328613,0.0,0.665034413
0.0,1.0,0.0,0.665743828
0.0,1.0,0.0,0.68838501
0.0,1.0,0.0,0.852207661
0.0,1.0,0.0,0.919995308
0.0,1.0,0.0,0.955195427
0.0,1.0,0.0,0.992139816
0.0,1.0,0.0,0.98524332
0.0,1.0,0.0,0.998492897
0.0002,1.0,0.0,0.99900502
0.0078,1.0,0.0695,1.0
0.1472,0.996403456,0.2418,0.996959686
0.2069,0.998555899,0.1787,0.995776892
0.1823,0.999556422,0.1451,0.995835662
0.1913,1.0,0.1183,0.995333791
0.1432,1.0,0.1075,0.997137904
0.0465,1.0,0.0789,0.986411989
0.0,1.0,0.0027,0.996843338
0.0,1.0,0.0,0.996181488
0.0,1.0,0.0,0.995234966
0.0,0.973407686,0.0,0.969222188
0.0,1.0,0.0,0.953812897
0.0,0.997388422,0.0,0.946872234
0.0,1.0,0.0,0.975602567
0.0,1.0,0.0,0.992794633
0.0,1.0,0.0,0.999309361
0.0,1.0,0.0,0.999822974
0.0,1.0,0.0,1.0
0.0,1.0,0.0,1.0
0.0,1.0,0.0,1.0
0.0,0.996692479,0.0,1.0
0.0,0.986106217,0.0,0.999444067
0.0,0.830490291,0.0,0.999242902
0.2081,0.984547555,0.1748,0.996062815
0.4198,0.995860219,0.3271,0.988558292
0.5566,0.998548567,0.4408,0.995445371
0.6148,1.0,0.5595,0.981532753
0.6451,1.0,0.6512,0.980942726
0.6373,0.987661898,0.64,0.972637057
0.5305,0.929287195,0.5406,0.969033718
0.3574,0.636888027,0.3785,0.97735548
0.1069,0.740845442,0.1241,0.982593417
0.0,0.817976415,0.0,0.960534692
0.0,0.960086107,0.0,0.946016669
0.0,0.71339941,0.0,0.973111868
0.0,0.355768859,0.0,0.94277513
0.0,0.474314272,0.0,0.835744262
0.0,0.432657957,0.0,0.884602547
0.0,0.329274833,0.0,0.872873545
0.0,0.20771575,0.0,0.868697345
0.0,0.460252374,0.0,0.857408762
0.0,0.473238468,0.0,0.830588877
0.0,0.408804983,0.0,0.732969284
0.0,0.201744765,0.0,0.698637903
0.0,0.037803769,0.0,0.689508498
0.0,0.00342655,0.0,0.678823829
0.0,0.0,0.0,0.617492914
0.0379,0.010366648,0.0372,0.658018827
0.2093,0.112903237,0.2143,0.538890302
0.3024,0.130460471,0.3707,0.232721016
0.3479,0.232340381,0.3723,0.061302353
0.3523,0.177164316,0.3829,0.034706105
0.3162,0.128224477,0.2855,0.038077604
0.2668,0.311851412,0.2404,0.07653401
0.1084,0.422870398,0.1241,0.168098509
0.0,0.781858802,0.0025,0.218223825
0.0,0.893890321,0.0,0.32896167
0.0,0.873706818,0.0,0.237492323
0.0,0.58424437,0.0,0.291197926
0.0,0.594130218,0.0,0.379755437
0.0,0.521914363,0.0,0.446409285
0.0,0.791925788,0.0,0.663506389
0.0,0.934484065,0.0,0.718593001
0.0,0.993899047,0.0,0.762875617
0.0,0.998444855,0.0,0.879915595
0.0,0.999046147,0.0,0.905784726
0.0,1.0,0.0,0.916011691
0.0,1.0,0.0,0.947410762
0.0,1.0,0.0,0.987992644
0.0,1.0,0.0,0.996401191
0.0,0.827690244,0.0,0.710954785
0.1722,1.0,0.1464,1.0
0.3829,0.998596668,0.3312,1.0
0.5272,1.0,0.4611,0.994700253
0.5885,1.0,0.5119,0.990396976
0.569,1.0,0.511,0.990471005
0.5622,1.0,0.5802,0.990343332
0.4957,1.0,0.5587,1.0
0.3612,1.0,0.3929,1.0
0.1212,1.0,0.1511,1.0
0.0,1.0,0.0,1.0
0.0,1.0,0.0,0.990399361
0.0,1.0,0.0,0.990399361
0.0,1.0,0.0,0.974262834
0.0,1.0,0.0,0.974262834
0.0,1.0,0.0,0.974262834
0.0,1.0,0.0,0.974262834
