elec_demand_AZ,elec_demand_CA,elec_demand_CO,elec_demand_ID,elec_demand_MT,elec_demand_NM,elec_demand_NV,elec_demand_OR,elec_demand_UT,elec_demand_WA,elec_demand_WY
11679.0,47059.0,9917.0,4139.0,2469.0,2906.0,6201.0,9055.0,5787.0,15050.0,2699.0
11117.0,46655.0,9458.0,3992.0,2357.0,2791.0,6112.0,8905.0,5579.0,14852.0,2641.0
10255.0,44372.0,8837.0,3727.0,2183.0,2620.0,5848.0,8483.0,5232.0,14214.0,2540.0
9359.0,41554.0,8336.0,3465.0,2024.0,2441.0,5574.0,7985.0,4845.0,13369.0,2437.0
8734.0,38308.0,7969.0,3211.0,1891.0,2298.0,5253.0,7398.0,4468.0,12340.0,2371.0
8348.0,34470.0,7756.0,3054.0,1831.0,2212.0,4908.0,6766.0,4281.0,11273.0,2362.0
8111.0,31821.0,7742.0,2978.0,1807.0,2179.0,4661.0,6282.0,4204.0,10494.0,2393.0
8039.0,30168.0,7647.0,2911.0,1768.0,2187.0,4484.0,6027.0,4153.0,10033.0,2379.0
8274.0,28993.0,7683.0,2933.0,1815.0,2238.0,4364.0,5923.0,4160.0,9843.0,2373.0
8968.0,28555.0,8001.0,3066.0,1878.0,2345.0,4359.0,5917.0,4291.0,9797.0,2366.0
10153.0,28815.0,8717.0,3403.0,2112.0,2552.0,4482.0,6112.0,4714.0,10210.0,2385.0
10816.0,30955.0,9305.0,3832.0,2350.0,2686.0,4659.0,6763.0,5361.0,11183.0,2497.0
11001.0,35129.0,9764.0,4058.0,2437.0,2823.0,5078.0,7727.0,5714.0,12866.0,2605.0
10886.0,39528.0,9802.0,4074.0,2414.0,2885.0,5260.0,8420.0,5748.0,13923.0,2646.0
10688.0,42369.0,9706.0,4056.0,2370.0,2925.0,5463.0,8519.0,5762.0,14045.0,2756.0
10409.0,43905.0,9395.0,3991.0,2322.0,2908.0,5582.0,8460.0,5721.0,13882.0,2752.0
10264.0,44111.0,9261.0,3916.0,2275.0,2890.0,5579.0,8356.0,5646.0,13691.0,2732.0
10130.0,44056.0,9079.0,3831.0,2260.0,2844.0,5492.0,8215.0,5518.0,13407.0,2675.0
9969.0,43971.0,9064.0,3749.0,2233.0,2752.0,5444.0,8066.0,5444.0,13137.0,2663.0
10138.0,43252.0,9284.0,3719.0,2259.0,2712.0,5391.0,7982.0,5418.0,12947.0,2726.0
10413.0,42029.0,9596.0,3705.0,2330.0,2622.0,5347.0,7821.0,5363.0,12698.0,2658.0
11224.0,41705.0,10306.0,3911.0,2472.0,2791.0,5383.0,7890.0,5594.0,12865.0,2675.0
12013.0,42848.0,10629.0,4163.0,2581.0,2961.0,5695.0,8210.0,5848.0,13552.0,2759.0
11939.0,46806.0,10533.0,4230.0,2541.0,2969.0,6150.0,8789.0,5832.0,14512.0,2737.0
11564.0,49136.0,10283.0,4163.0,2457.0,2882.0,6267.0,9005.0,5719.0,14854.0,2690.0
11153.0,48339.0,9822.0,4002.0,2352.0,2788.0,6229.0,8850.0,5537.0,14620.0,2633.0
10260.0,46013.0,9153.0,3748.0,2184.0,2602.0,6001.0,8548.0,5215.0,14070.0,2514.0
9364.0,43047.0,8589.0,3476.0,2036.0,2427.0,5732.0,8016.0,4817.0,13215.0,2463.0
8809.0,39245.0,8064.0,3232.0,1922.0,2297.0,5450.0,7447.0,4505.0,12262.0,2383.0
8436.0,35538.0,7839.0,3069.0,1849.0,2231.0,5053.0,6869.0,4293.0,11221.0,2367.0
8241.0,32643.0,7784.0,2991.0,1824.0,2198.0,4826.0,6372.0,4175.0,10493.0,2403.0
8219.0,30788.0,7762.0,2957.0,1796.0,2197.0,4633.0,6150.0,4172.0,10114.0,2415.0
8521.0,29446.0,7751.0,2971.0,1831.0,2243.0,4588.0,6066.0,4213.0,9939.0,2383.0
9220.0,28763.0,8091.0,3113.0,1899.0,2314.0,4581.0,6028.0,4379.0,9900.0,2399.0
10533.0,29357.0,8779.0,3448.0,2133.0,2515.0,4650.0,6268.0,4831.0,10338.0,2441.0
11315.0,31386.0,9328.0,3892.0,2383.0,2716.0,4872.0,6913.0,5387.0,11403.0,2501.0
11515.0,35467.0,9846.0,4124.0,2448.0,2852.0,5306.0,7898.0,5765.0,13109.0,2622.0
11154.0,39779.0,9928.0,4138.0,2423.0,2890.0,5447.0,8593.0,5728.0,14360.0,2668.0
10936.0,42436.0,9939.0,4088.0,2370.0,2933.0,5642.0,8676.0,5721.0,14444.0,2730.0
10634.0,43913.0,9754.0,4040.0,2321.0,2920.0,5695.0,8605.0,5721.0,14110.0,2771.0
10393.0,43930.0,9616.0,3959.0,2278.0,2900.0,5667.0,8516.0,5660.0,13747.0,2750.0
10163.0,43513.0,9570.0,3873.0,2235.0,2863.0,5582.0,8364.0,5595.0,13380.0,2735.0
9912.0,43132.0,9443.0,3791.0,2203.0,2783.0,5515.0,8289.0,5500.0,13131.0,2694.0
9976.0,43064.0,9573.0,3769.0,2230.0,2734.0,5423.0,8151.0,5450.0,12909.0,2747.0
10040.0,42547.0,9746.0,3782.0,2298.0,2659.0,5461.0,7989.0,5417.0,12686.0,2647.0
10829.0,42536.0,10402.0,3989.0,2456.0,2812.0,5547.0,8085.0,5660.0,12885.0,2692.0
11834.0,44243.0,10716.0,4242.0,2590.0,2986.0,5886.0,8470.0,5991.0,13667.0,2789.0
11856.0,47577.0,10629.0,4301.0,2564.0,2985.0,6281.0,9008.0,5957.0,14696.0,2777.0
11508.0,49490.0,10319.0,4208.0,2477.0,2917.0,6388.0,9150.0,5822.0,14985.0,2723.0
11068.0,48611.0,9943.0,4073.0,2385.0,2806.0,6333.0,8971.0,5575.0,14741.0,2670.0
10253.0,46309.0,9264.0,3800.0,2230.0,2651.0,6116.0,8632.0,5264.0,14191.0,2575.0
9336.0,43264.0,8633.0,3510.0,2052.0,2448.0,5840.0,8147.0,4791.0,13395.0,2461.0
8761.0,39629.0,8154.0,3277.0,1935.0,2334.0,5470.0,7525.0,4487.0,12326.0,2391.0
8440.0,35841.0,7964.0,3108.0,1865.0,2257.0,5094.0,6931.0,4301.0,11308.0,2377.0
8362.0,33024.0,7940.0,3023.0,1813.0,2232.0,4814.0,6478.0,4212.0,10517.0,2419.0
8292.0,31237.0,7897.0,2970.0,1795.0,2246.0,4660.0,6216.0,4146.0,10106.0,2396.0
8487.0,29999.0,7908.0,2970.0,1818.0,2264.0,4571.0,6091.0,4185.0,9919.0,2381.0
9218.0,29371.0,8206.0,3114.0,1922.0,2391.0,4537.0,6078.0,4326.0,9942.0,2363.0
10382.0,29586.0,8959.0,3423.0,2124.0,2613.0,4645.0,6253.0,4754.0,10307.0,2395.0
11126.0,31646.0,9441.0,3849.0,2367.0,2732.0,4856.0,6922.0,5376.0,11433.0,2489.0
11425.0,36310.0,9965.0,4107.0,2459.0,2875.0,5244.0,7855.0,5701.0,13104.0,2633.0
11661.0,40354.0,9954.0,4126.0,2441.0,2950.0,5494.0,8547.0,5715.0,14326.0,2677.0
11538.0,43095.0,9776.0,4048.0,2417.0,3012.0,5691.0,8645.0,5649.0,14422.0,2680.0
11390.0,44832.0,9529.0,3991.0,2321.0,2965.0,5855.0,8512.0,5646.0,14193.0,2745.0
11129.0,45195.0,9370.0,3910.0,2280.0,2924.0,5907.0,8390.0,5572.0,13826.0,2750.0
11097.0,45118.0,9241.0,3804.0,2253.0,2913.0,5802.0,8167.0,5494.0,13357.0,2737.0
10955.0,44846.0,9114.0,3723.0,2235.0,2843.0,5779.0,7996.0,5392.0,13005.0,2676.0
10983.0,44387.0,9207.0,3691.0,2219.0,2819.0,5830.0,7824.0,5335.0,12727.0,2721.0
11038.0,43513.0,9554.0,3651.0,2300.0,2758.0,5824.0,7649.0,5320.0,12470.0,2609.0
11661.0,42634.0,10344.0,3868.0,2442.0,2881.0,5821.0,7668.0,5557.0,12629.0,2668.0
12207.0,43997.0,10680.0,4145.0,2573.0,2991.0,6052.0,8014.0,5786.0,13242.0,2761.0
12137.0,47888.0,10572.0,4204.0,2578.0,2963.0,6444.0,8654.0,5822.0,14460.0,2773.0
11702.0,49745.0,10317.0,4140.0,2499.0,2875.0,6553.0,8977.0,5736.0,14905.0,2702.0
11093.0,49131.0,9793.0,4023.0,2406.0,2752.0,6488.0,8886.0,5559.0,14779.0,2678.0
10380.0,46867.0,9081.0,3797.0,2260.0,2574.0,6244.0,8626.0,5241.0,14331.0,2553.0
9612.0,43682.0,8469.0,3519.0,2089.0,2389.0,5987.0,8158.0,4842.0,13653.0,2476.0
9070.0,40236.0,7944.0,3310.0,1962.0,2263.0,5620.0,7578.0,4522.0,12650.0,2414.0
8850.0,36340.0,7671.0,3150.0,1899.0,2187.0,5273.0,6958.0,4318.0,11586.0,2378.0
8419.0,33324.0,7629.0,3087.0,1864.0,2144.0,4925.0,6543.0,4249.0,10856.0,2443.0
8244.0,30984.0,7573.0,3067.0,1842.0,2174.0,4696.0,6279.0,4182.0,10498.0,2392.0
8398.0,29561.0,7590.0,3064.0,1860.0,2212.0,4591.0,6176.0,4133.0,10332.0,2327.0
9069.0,29001.0,7874.0,3187.0,1967.0,2287.0,4557.0,6127.0,4331.0,10331.0,2359.0
10367.0,29368.0,8586.0,3501.0,2158.0,2474.0,4664.0,6332.0,4770.0,10733.0,2388.0
11228.0,31621.0,9219.0,3892.0,2401.0,2677.0,4925.0,6985.0,5379.0,11843.0,2516.0
11640.0,36111.0,9687.0,4166.0,2520.0,2840.0,5242.0,7965.0,5700.0,13575.0,2608.0
11618.0,40211.0,9723.0,4234.0,2525.0,2930.0,5475.0,8670.0,5706.0,14929.0,2663.0
11565.0,43018.0,9625.0,4234.0,2503.0,2963.0,5722.0,8786.0,5684.0,15028.0,2726.0
11232.0,44632.0,9392.0,4205.0,2436.0,2948.0,5760.0,8747.0,5670.0,14807.0,2729.0
10862.0,44608.0,9234.0,4130.0,2408.0,2948.0,5764.0,8631.0,5651.0,14537.0,2752.0
10517.0,44026.0,9053.0,4041.0,2375.0,2905.0,5644.0,8498.0,5534.0,14134.0,2717.0
10260.0,43327.0,8836.0,3965.0,2339.0,2809.0,5472.0,8370.0,5473.0,13741.0,2660.0
10345.0,42990.0,8806.0,3943.0,2377.0,2802.0,5402.0,8134.0,5456.0,13167.0,2639.0
10593.0,42041.0,9067.0,3934.0,2453.0,2729.0,5279.0,8081.0,5465.0,13139.0,2546.0
11379.0,41573.0,9779.0,4095.0,2574.0,2842.0,5256.0,8167.0,5629.0,13272.0,2595.0
12043.0,43072.0,10129.0,4280.0,2653.0,2984.0,5467.0,8490.0,5864.0,13911.0,2668.0
11999.0,46903.0,10051.0,4272.0,2624.0,2890.0,6012.0,8949.0,5860.0,14961.0,2684.0
11640.0,48868.0,9789.0,4155.0,2530.0,2864.0,6185.0,9051.0,5727.0,15172.0,2633.0
11310.0,48063.0,9432.0,3997.0,2430.0,2759.0,6145.0,8876.0,5510.0,14904.0,2605.0
10774.0,46105.0,8873.0,3823.0,2289.0,2622.0,5932.0,8565.0,5262.0,14318.0,2592.0
10019.0,43642.0,8280.0,3588.0,2134.0,2452.0,5808.0,8314.0,4962.0,13960.0,2487.0
9232.0,40948.0,7926.0,3365.0,2016.0,2321.0,5533.0,7773.0,4673.0,13061.0,2439.0
8791.0,37255.0,7618.0,3197.0,1928.0,2137.0,5202.0,7242.0,4436.0,12130.0,2383.0
8592.0,34230.0,7576.0,3117.0,1882.0,2127.0,4909.0,6727.0,4315.0,11236.0,2420.0
8452.0,32010.0,7580.0,3057.0,1858.0,2172.0,4760.0,6461.0,4278.0,10776.0,2416.0
8538.0,30506.0,7554.0,3038.0,1835.0,2188.0,4613.0,6322.0,4228.0,10535.0,2387.0
8836.0,29739.0,7609.0,3096.0,1880.0,2241.0,4541.0,6243.0,4279.0,10431.0,2369.0
9382.0,29422.0,7895.0,3238.0,1945.0,2339.0,4560.0,6305.0,4447.0,10550.0,2379.0
9913.0,29909.0,8252.0,3420.0,2064.0,2433.0,4660.0,6554.0,4736.0,10943.0,2454.0
10508.0,31344.0,8630.0,3643.0,2203.0,2575.0,4765.0,6960.0,5103.0,11645.0,2511.0
10953.0,32901.0,8958.0,3850.0,2287.0,2774.0,4840.0,7458.0,5342.0,12511.0,2631.0
10924.0,35327.0,9099.0,3968.0,2350.0,2857.0,5060.0,7888.0,5549.0,13287.0,2700.0
10867.0,37836.0,9041.0,4006.0,2353.0,2895.0,5262.0,8218.0,5547.0,13884.0,2737.0
10619.0,38892.0,9029.0,3956.0,2342.0,2913.0,5308.0,8213.0,5543.0,13897.0,2758.0
10355.0,38719.0,9011.0,3893.0,2334.0,2896.0,5207.0,8045.0,5420.0,13614.0,2721.0
10143.0,38764.0,9036.0,3860.0,2292.0,2842.0,5132.0,7949.0,5344.0,13471.0,2725.0
10114.0,38419.0,8955.0,3830.0,2300.0,2821.0,5041.0,7792.0,5316.0,13173.0,2664.0
10094.0,37644.0,9197.0,3800.0,2353.0,2734.0,4977.0,7608.0,5272.0,12837.0,2610.0
10591.0,37061.0,9898.0,3936.0,2498.0,2810.0,4958.0,7574.0,5448.0,12744.0,2622.0
11459.0,37589.0,10119.0,4117.0,2545.0,2929.0,5141.0,7850.0,5659.0,13291.0,2682.0
11536.0,41404.0,10146.0,4145.0,2511.0,2937.0,5696.0,8414.0,5750.0,14363.0,2733.0
11433.0,43355.0,9910.0,4090.0,2457.0,2885.0,5879.0,8606.0,5599.0,14578.0,2676.0
11195.0,43137.0,9564.0,3976.0,2369.0,2791.0,5851.0,8543.0,5434.0,14522.0,2660.0
10724.0,42164.0,9036.0,3786.0,2264.0,2656.0,5736.0,8356.0,5187.0,14197.0,2563.0
10042.0,40445.0,8611.0,3577.0,2130.0,2508.0,5627.0,8021.0,4896.0,13591.0,2495.0
9615.0,38569.0,8152.0,3409.0,2012.0,2372.0,5435.0,7548.0,4650.0,12886.0,2417.0
9391.0,35805.0,7893.0,3252.0,1940.0,2293.0,5290.0,7153.0,4439.0,12138.0,2392.0
9221.0,33642.0,7822.0,3159.0,1899.0,2250.0,4974.0,6755.0,4291.0,11515.0,2463.0
9213.0,31681.0,7763.0,3098.0,1867.0,2239.0,4814.0,6474.0,4235.0,11097.0,2420.0
9283.0,30362.0,7652.0,3090.0,1856.0,2257.0,4760.0,6338.0,4203.0,10886.0,2418.0
9537.0,29726.0,7638.0,3143.0,1883.0,2274.0,4694.0,6310.0,4225.0,10848.0,2401.0
10136.0,29269.0,7828.0,3261.0,1939.0,2347.0,4680.0,6319.0,4383.0,10961.0,2385.0
10815.0,29454.0,8200.0,3457.0,2053.0,2428.0,4767.0,6531.0,4642.0,11317.0,2443.0
11258.0,30695.0,8638.0,3642.0,2190.0,2555.0,4909.0,6864.0,4989.0,11967.0,2487.0
11378.0,31978.0,8893.0,3812.0,2259.0,2726.0,4952.0,7352.0,5195.0,12836.0,2578.0
11133.0,34643.0,9089.0,3901.0,2303.0,2790.0,5119.0,7830.0,5444.0,13649.0,2666.0
10802.0,37115.0,9165.0,3854.0,2328.0,2811.0,5279.0,8218.0,5478.0,14290.0,2654.0
10565.0,38147.0,9275.0,3851.0,2332.0,2825.0,5310.0,8357.0,5516.0,14421.0,2739.0
10391.0,38292.0,9287.0,3811.0,2318.0,2819.0,5315.0,8390.0,5460.0,14389.0,2735.0
10084.0,38840.0,9303.0,3756.0,2296.0,2785.0,5201.0,8538.0,5415.0,14594.0,2779.0
9895.0,38876.0,9451.0,3722.0,2327.0,2795.0,5149.0,8565.0,5453.0,14575.0,2823.0
9914.0,38549.0,9704.0,3739.0,2383.0,2717.0,5091.0,8534.0,5391.0,14444.0,2759.0
10717.0,37780.0,10405.0,3896.0,2515.0,2806.0,5076.0,8545.0,5574.0,14509.0,2766.0
11626.0,38376.0,10663.0,4115.0,2584.0,2984.0,5295.0,8798.0,5766.0,14947.0,2816.0
11871.0,42353.0,10596.0,4159.0,2547.0,3005.0,5868.0,9196.0,5784.0,15715.0,2781.0
11783.0,43879.0,10317.0,4122.0,2495.0,2955.0,5944.0,9173.0,5747.0,15645.0,2793.0
11410.0,43941.0,9906.0,3991.0,2424.0,2851.0,5944.0,9101.0,5612.0,15500.0,2730.0
10690.0,42666.0,9265.0,3745.0,2253.0,2696.0,5856.0,8825.0,5229.0,15026.0,2563.0
9836.0,40228.0,8709.0,3485.0,2098.0,2458.0,5611.0,8148.0,4897.0,13895.0,2513.0
9339.0,37592.0,8310.0,3249.0,2006.0,2408.0,5370.0,7549.0,4606.0,12836.0,2443.0
9090.0,34525.0,8042.0,3118.0,1895.0,2344.0,5054.0,7014.0,4426.0,11863.0,2393.0
9044.0,31805.0,8080.0,3064.0,1885.0,2321.0,4773.0,6568.0,4302.0,11052.0,2452.0
9133.0,30440.0,8098.0,3026.0,1858.0,2342.0,4633.0,6326.0,4262.0,10654.0,2471.0
9447.0,29714.0,8100.0,3071.0,1891.0,2400.0,4632.0,6222.0,4314.0,10481.0,2398.0
10331.0,29175.0,8427.0,3202.0,1973.0,2508.0,4600.0,6250.0,4518.0,10483.0,2459.0
11708.0,29622.0,9187.0,3527.0,2178.0,2736.0,4653.0,6508.0,4951.0,10917.0,2453.0
12478.0,31708.0,9736.0,3926.0,2422.0,2870.0,4950.0,7143.0,5506.0,12012.0,2542.0
12587.0,36025.0,10152.0,4175.0,2514.0,3017.0,5358.0,8124.0,5959.0,13705.0,2634.0
12131.0,40080.0,10089.0,4234.0,2514.0,3029.0,5549.0,8793.0,5949.0,14828.0,2697.0
11654.0,42507.0,9973.0,4233.0,2465.0,3071.0,5671.0,8856.0,5957.0,14881.0,2760.0
11113.0,43840.0,9683.0,4198.0,2406.0,2993.0,5758.0,8789.0,5941.0,14655.0,2793.0
10616.0,43617.0,9512.0,4119.0,2350.0,2961.0,5691.0,8722.0,5851.0,14360.0,2802.0
10592.0,42885.0,9422.0,4030.0,2327.0,2918.0,5539.0,8480.0,5714.0,13929.0,2766.0
9990.0,42264.0,9366.0,3983.0,2280.0,2810.0,5395.0,8348.0,5630.0,13616.0,2781.0
9891.0,41853.0,9506.0,3940.0,2306.0,2774.0,5307.0,8270.0,5565.0,13420.0,2814.0
9937.0,40958.0,9757.0,3938.0,2403.0,2689.0,5224.0,8070.0,5508.0,13090.0,2714.0
10680.0,40519.0,10492.0,4120.0,2570.0,2844.0,5221.0,8176.0,5763.0,13262.0,2767.0
11807.0,41845.0,10977.0,4339.0,2689.0,3047.0,5435.0,8475.0,6059.0,13884.0,2863.0
12011.0,45954.0,10917.0,4362.0,2657.0,3068.0,5947.0,9125.0,6049.0,15044.0,2828.0
19898.0,58405.0,11030.0,4963.0,2401.0,3259.0,8917.0,8495.0,6535.0,13590.0,2648.0
18482.0,57113.0,10576.0,4725.0,2168.0,2970.0,8639.0,8489.0,6006.0,13482.0,2621.0
16835.0,55846.0,9720.0,4350.0,1994.0,2705.0,8266.0,8105.0,5459.0,13204.0,2457.0
15229.0,51807.0,8938.0,3946.0,1848.0,2520.0,7690.0,7471.0,5014.0,12365.0,2359.0
14138.0,46761.0,8376.0,3569.0,1721.0,2371.0,7003.0,6849.0,4583.0,11324.0,2331.0
13271.0,41711.0,7907.0,3345.0,1626.0,2288.0,6310.0,6305.0,4352.0,10252.0,2268.0
12575.0,37488.0,7498.0,3164.0,1584.0,2244.0,5776.0,5888.0,4194.0,9554.0,2202.0
12078.0,34411.0,7177.0,3061.0,1546.0,2209.0,5330.0,5614.0,4088.0,9078.0,2091.0
12061.0,32468.0,7107.0,3021.0,1578.0,2269.0,5029.0,5465.0,4165.0,8776.0,2116.0
12428.0,31253.0,7447.0,3095.0,1705.0,2396.0,4845.0,5485.0,4398.0,8696.0,2210.0
12974.0,31455.0,7872.0,3291.0,1835.0,2544.0,4795.0,5778.0,4729.0,9035.0,2225.0
13968.0,33341.0,8273.0,3536.0,1959.0,2711.0,4872.0,6204.0,4935.0,9621.0,2215.0
15172.0,36428.0,8868.0,3815.0,2107.0,2922.0,5017.0,6706.0,5517.0,10599.0,2368.0
16351.0,40048.0,9316.0,4028.0,2166.0,3079.0,5395.0,7288.0,5806.0,11452.0,2418.0
17458.0,44456.0,9762.0,4150.0,2211.0,3184.0,5825.0,7734.0,5999.0,12182.0,2512.0
18363.0,47644.0,10079.0,4257.0,2233.0,3268.0,6355.0,7964.0,6148.0,12406.0,2561.0
19065.0,49425.0,10540.0,4405.0,2353.0,3372.0,6747.0,8059.0,6416.0,12545.0,2615.0
19851.0,51262.0,10861.0,4537.0,2407.0,3436.0,7185.0,8189.0,6663.0,12586.0,2619.0
20458.0,53320.0,11107.0,4653.0,2476.0,3505.0,7661.0,8280.0,6709.0,12683.0,2623.0
21016.0,55217.0,11421.0,4786.0,2549.0,3560.0,8071.0,8338.0,6834.0,12717.0,2683.0
21507.0,56985.0,11653.0,4941.0,2586.0,3577.0,8587.0,8309.0,6907.0,12725.0,2723.0
21740.0,59115.0,11676.0,5033.0,2582.0,3539.0,8893.0,8334.0,6935.0,12777.0,2646.0
21354.0,60873.0,11660.0,5065.0,2593.0,3491.0,9258.0,8336.0,6904.0,12903.0,2662.0
20977.0,61867.0,11524.0,5058.0,2531.0,3458.0,9363.0,8294.0,6785.0,12989.0,2669.0
20026.0,61603.0,11345.0,4944.0,2424.0,3255.0,9250.0,8250.0,6607.0,12962.0,2644.0
18558.0,60545.0,10815.0,4717.0,2230.0,2965.0,9027.0,8231.0,6074.0,12902.0,2614.0
16840.0,59440.0,9943.0,4335.0,2020.0,2704.0,8704.0,7912.0,5543.0,12680.0,2472.0
15378.0,55308.0,9149.0,3936.0,1853.0,2511.0,8036.0,7290.0,5135.0,11900.0,2341.0
13993.0,49862.0,8609.0,3590.0,1723.0,2361.0,7444.0,6700.0,4700.0,10940.0,2344.0
13211.0,44254.0,8079.0,3320.0,1664.0,2256.0,6780.0,6158.0,4433.0,10023.0,2291.0
12574.0,39891.0,7729.0,3159.0,1601.0,2208.0,6095.0,5744.0,4256.0,9319.0,2256.0
12128.0,37129.0,7378.0,3060.0,1590.0,2195.0,5683.0,5506.0,4165.0,8892.0,2127.0
11902.0,35032.0,7293.0,3013.0,1630.0,2246.0,5348.0,5424.0,4230.0,8738.0,2132.0
12218.0,33574.0,7634.0,3104.0,1767.0,2373.0,5127.0,5473.0,4455.0,8692.0,2215.0
12678.0,33564.0,8122.0,3305.0,1888.0,2484.0,5096.0,5732.0,4743.0,8942.0,2245.0
13596.0,34965.0,8467.0,3570.0,2004.0,2656.0,5098.0,6249.0,5105.0,9657.0,2259.0
14657.0,37944.0,9000.0,3831.0,2139.0,2876.0,5271.0,6737.0,5598.0,10633.0,2371.0
15679.0,41908.0,9514.0,3987.0,2216.0,3020.0,5647.0,7258.0,5840.0,11467.0,2444.0
16666.0,46358.0,9935.0,4064.0,2247.0,3135.0,6130.0,7685.0,5991.0,12108.0,2536.0
17430.0,49521.0,10276.0,4119.0,2275.0,3235.0,6739.0,7850.0,6148.0,12276.0,2580.0
18109.0,51568.0,10583.0,4187.0,2289.0,3346.0,7292.0,7987.0,6300.0,12433.0,2613.0
18941.0,53268.0,10872.0,4286.0,2328.0,3430.0,7730.0,8011.0,6479.0,12382.0,2600.0
19663.0,55363.0,11009.0,4309.0,2373.0,3485.0,8145.0,8111.0,6539.0,12530.0,2604.0
20293.0,57394.0,11372.0,4386.0,2386.0,3554.0,8446.0,8130.0,6619.0,12488.0,2637.0
20706.0,59253.0,11742.0,4491.0,2407.0,3558.0,8595.0,8133.0,6703.0,12484.0,2689.0
20807.0,61390.0,11891.0,4585.0,2412.0,3539.0,8808.0,8227.0,6724.0,12651.0,2614.0
20567.0,63124.0,11910.0,4643.0,2420.0,3498.0,8993.0,8217.0,6688.0,12771.0,2615.0
20318.0,64029.0,11771.0,4587.0,2392.0,3458.0,8984.0,8232.0,6529.0,12928.0,2608.0
19486.0,63729.0,11557.0,4517.0,2294.0,3237.0,8731.0,8258.0,6347.0,12994.0,2556.0
18032.0,62249.0,11048.0,4371.0,2139.0,2965.0,8419.0,8323.0,5913.0,13099.0,2554.0
16496.0,60621.0,10075.0,4073.0,1946.0,2704.0,8208.0,8017.0,5357.0,12936.0,2377.0
15237.0,56173.0,9280.0,3720.0,1780.0,2506.0,7811.0,7424.0,4946.0,12126.0,2287.0
14038.0,50429.0,8563.0,3437.0,1671.0,2344.0,7179.0,6791.0,4552.0,11076.0,2260.0
13135.0,44851.0,8136.0,3221.0,1595.0,2241.0,6630.0,6281.0,4285.0,10213.0,2228.0
12402.0,40433.0,7741.0,3090.0,1543.0,2209.0,6102.0,5861.0,4132.0,9453.0,2149.0
12061.0,37269.0,7384.0,3010.0,1528.0,2192.0,5683.0,5575.0,4014.0,9019.0,2071.0
11893.0,35274.0,7307.0,2982.0,1587.0,2255.0,5398.0,5464.0,4091.0,8750.0,2052.0
12201.0,33880.0,7604.0,3063.0,1697.0,2365.0,5214.0,5461.0,4376.0,8723.0,2174.0
12677.0,33749.0,8105.0,3306.0,1832.0,2489.0,5130.0,5772.0,4735.0,8990.0,2216.0
13673.0,35076.0,8513.0,3590.0,1966.0,2679.0,5264.0,6260.0,4981.0,9679.0,2222.0
14661.0,38233.0,9143.0,3799.0,2076.0,2901.0,5474.0,6760.0,5288.0,10659.0,2276.0
15558.0,42174.0,9512.0,3943.0,2101.0,3031.0,5852.0,7200.0,5498.0,11462.0,2331.0
16364.0,46465.0,9869.0,3970.0,2089.0,3140.0,6416.0,7611.0,5613.0,12143.0,2390.0
16921.0,49944.0,10190.0,4052.0,2084.0,3269.0,6890.0,7837.0,5766.0,12381.0,2468.0
17481.0,51873.0,10481.0,4125.0,2119.0,3352.0,7296.0,7886.0,5949.0,12422.0,2509.0
18130.0,53536.0,10785.0,4208.0,2145.0,3423.0,7687.0,7934.0,6155.0,12430.0,2507.0
18896.0,55486.0,10982.0,4245.0,2186.0,3470.0,7959.0,8080.0,6208.0,12474.0,2531.0
19379.0,57335.0,11182.0,4364.0,2267.0,3530.0,8230.0,8126.0,6388.0,12500.0,2563.0
19709.0,58335.0,11169.0,4498.0,2299.0,3553.0,8186.0,8177.0,6457.0,12522.0,2605.0
19634.0,59114.0,11001.0,4618.0,2323.0,3508.0,8089.0,8269.0,6440.0,12723.0,2509.0
19236.0,59658.0,10927.0,4707.0,2342.0,3479.0,8039.0,8284.0,6377.0,12916.0,2489.0
19149.0,60038.0,10791.0,4690.0,2314.0,3446.0,7895.0,8280.0,6291.0,13066.0,2514.0
18547.0,59949.0,10646.0,4590.0,2238.0,3214.0,7731.0,8262.0,6098.0,13135.0,2489.0
17413.0,59310.0,10217.0,4433.0,2100.0,2951.0,7728.0,8281.0,5689.0,13179.0,2488.0
15929.0,57903.0,9312.0,4145.0,1922.0,2681.0,7534.0,7980.0,5227.0,12950.0,2331.0
14532.0,53862.0,8657.0,3789.0,1784.0,2489.0,7237.0,7441.0,4802.0,12228.0,2231.0
13358.0,48441.0,8108.0,3458.0,1640.0,2368.0,6773.0,6771.0,4406.0,11180.0,2203.0
12514.0,43079.0,7656.0,3269.0,1569.0,2245.0,6306.0,6211.0,4170.0,10215.0,2150.0
11956.0,38451.0,7331.0,3116.0,1523.0,2200.0,5790.0,5751.0,4028.0,9290.0,2108.0
11618.0,35931.0,7014.0,3021.0,1485.0,2175.0,5484.0,5503.0,3962.0,8868.0,2040.0
11539.0,33847.0,6922.0,3002.0,1534.0,2230.0,5300.0,5365.0,4012.0,8592.0,1999.0
11874.0,32517.0,7211.0,3061.0,1629.0,2348.0,5146.0,5374.0,4261.0,8528.0,2102.0
12251.0,32450.0,7627.0,3276.0,1780.0,2484.0,5090.0,5640.0,4570.0,8800.0,2149.0
13087.0,33854.0,8072.0,3526.0,1888.0,2660.0,5219.0,6062.0,4884.0,9490.0,2184.0
14175.0,37226.0,8617.0,3759.0,2022.0,2885.0,5496.0,6598.0,5174.0,10490.0,2260.0
14993.0,40890.0,8905.0,3927.0,2068.0,3034.0,5725.0,7090.0,5314.0,11286.0,2331.0
15603.0,45281.0,9263.0,4000.0,2045.0,3128.0,6117.0,7463.0,5364.0,12054.0,2333.0
16451.0,48428.0,9504.0,4078.0,2078.0,3213.0,6352.0,7571.0,5444.0,12170.0,2365.0
17264.0,49195.0,9734.0,4129.0,2091.0,3349.0,6834.0,7613.0,5603.0,12192.0,2419.0
17939.0,50217.0,9992.0,4221.0,2131.0,3411.0,7193.0,7644.0,5717.0,12173.0,2419.0
18659.0,51206.0,10272.0,4282.0,2168.0,3469.0,7417.0,7717.0,5759.0,12154.0,2398.0
19378.0,52327.0,10636.0,4306.0,2222.0,3526.0,7583.0,7702.0,5834.0,12146.0,2391.0
19710.0,53231.0,10804.0,4355.0,2223.0,3519.0,7762.0,7659.0,5739.0,12101.0,2363.0
19727.0,54438.0,10690.0,4416.0,2216.0,3466.0,7892.0,7693.0,5739.0,12260.0,2322.0
19265.0,55492.0,10682.0,4456.0,2230.0,3410.0,8108.0,7708.0,5611.0,12292.0,2339.0
19047.0,55962.0,10538.0,4414.0,2235.0,3388.0,8079.0,7662.0,5537.0,12353.0,2352.0
18402.0,55739.0,10371.0,4338.0,2134.0,3200.0,7911.0,7645.0,5453.0,12357.0,2326.0
17414.0,54791.0,9988.0,4216.0,2022.0,2955.0,7756.0,7618.0,5202.0,12435.0,2344.0
16235.0,53320.0,9373.0,3995.0,1907.0,2727.0,7677.0,7382.0,4849.0,12103.0,2303.0
14949.0,49709.0,8763.0,3697.0,1769.0,2535.0,7257.0,6985.0,4477.0,11601.0,2306.0
14066.0,45397.0,8087.0,3480.0,1656.0,2371.0,6897.0,6475.0,4078.0,10718.0,2221.0
13255.0,40674.0,7666.0,3187.0,1602.0,2234.0,6384.0,5976.0,3903.0,9822.0,2172.0
12561.0,36640.0,7356.0,3033.0,1534.0,2167.0,5797.0,5674.0,3752.0,9390.0,2121.0
12052.0,33937.0,7048.0,2925.0,1516.0,2123.0,5435.0,5401.0,3621.0,8919.0,2085.0
11806.0,31661.0,6894.0,2860.0,1518.0,2114.0,5207.0,5220.0,3607.0,8642.0,2060.0
11654.0,30497.0,6880.0,2823.0,1537.0,2148.0,4940.0,5150.0,3652.0,8462.0,2083.0
11566.0,29874.0,6891.0,2857.0,1581.0,2217.0,4736.0,5212.0,3697.0,8498.0,2079.0
12355.0,29984.0,7098.0,2930.0,1682.0,2494.0,4663.0,5274.0,3952.0,8666.0,2069.0
13550.0,30638.0,7591.0,3233.0,1807.0,2730.0,4554.0,5527.0,4473.0,9063.0,2262.0
14813.0,33541.0,8011.0,3455.0,1853.0,2939.0,4836.0,6192.0,4666.0,10148.0,2306.0
16239.0,36429.0,8614.0,3600.0,1905.0,3125.0,5311.0,6614.0,4853.0,10799.0,2383.0
17442.0,38821.0,8976.0,3718.0,1952.0,3265.0,5783.0,6844.0,4940.0,11192.0,2420.0
18288.0,41178.0,9488.0,3812.0,2006.0,3402.0,6262.0,6936.0,5069.0,11406.0,2414.0
19164.0,42826.0,9903.0,3914.0,2044.0,3512.0,6633.0,7041.0,5190.0,11456.0,2452.0
19928.0,44787.0,9953.0,3970.0,2081.0,3586.0,7001.0,7071.0,5208.0,11486.0,2448.0
20352.0,46882.0,9954.0,4027.0,2119.0,3611.0,7300.0,7050.0,5336.0,11551.0,2444.0
20711.0,48239.0,10157.0,4094.0,2105.0,3591.0,7590.0,7115.0,5300.0,11595.0,2403.0
20574.0,50081.0,9813.0,4083.0,2128.0,3444.0,7762.0,7217.0,5211.0,11709.0,2174.0
19807.0,50003.0,10003.0,4020.0,2105.0,3358.0,7923.0,7054.0,5116.0,11578.0,2257.0
19471.0,50239.0,10040.0,3937.0,2079.0,3296.0,7891.0,7095.0,5042.0,11767.0,2350.0
18791.0,49608.0,9914.0,3873.0,2037.0,3110.0,7667.0,7124.0,4962.0,11728.0,2382.0
17669.0,49039.0,9573.0,3748.0,1931.0,2892.0,7466.0,7198.0,4731.0,11825.0,2319.0
16481.0,48246.0,8975.0,3540.0,1790.0,2689.0,7143.0,6993.0,4384.0,11708.0,2190.0
15366.0,45485.0,8476.0,3293.0,1691.0,2532.0,6697.0,6572.0,4170.0,11186.0,2223.0
14312.0,41709.0,7914.0,3057.0,1608.0,2372.0,6244.0,6178.0,3897.0,10410.0,2134.0
13364.0,38322.0,7540.0,2892.0,1516.0,2249.0,5809.0,5805.0,3716.0,9808.0,2107.0
12675.0,34820.0,7254.0,2772.0,1489.0,2184.0,5282.0,5448.0,3616.0,9152.0,2075.0
12206.0,32297.0,7017.0,2681.0,1462.0,2119.0,4871.0,5229.0,3513.0,8685.0,2009.0
11976.0,30549.0,6838.0,2624.0,1439.0,2119.0,4599.0,5037.0,3494.0,8416.0,1986.0
11606.0,29423.0,6834.0,2622.0,1481.0,2138.0,4431.0,4999.0,3509.0,8327.0,1988.0
11503.0,28616.0,6833.0,2655.0,1523.0,2183.0,4241.0,5009.0,3575.0,8275.0,1980.0
12180.0,28552.0,7032.0,2742.0,1621.0,2431.0,4181.0,5050.0,3808.0,8380.0,2025.0
13578.0,28914.0,7461.0,3010.0,1722.0,2723.0,4073.0,5313.0,4268.0,8779.0,2213.0
15047.0,31389.0,7895.0,3172.0,1773.0,2910.0,4348.0,5920.0,4422.0,9758.0,2230.0
16464.0,33782.0,8442.0,3305.0,1815.0,3128.0,4754.0,6330.0,4623.0,10535.0,2313.0
17935.0,36169.0,8921.0,3389.0,1845.0,3299.0,5222.0,6553.0,4755.0,10886.0,2341.0
18871.0,38373.0,9346.0,3457.0,1891.0,3439.0,5722.0,6698.0,5001.0,11094.0,2371.0
19877.0,40172.0,9699.0,3539.0,1946.0,3551.0,6178.0,6763.0,5160.0,11118.0,2389.0
20688.0,42578.0,9976.0,3630.0,1982.0,3621.0,6702.0,6851.0,5261.0,11273.0,2420.0
21054.0,44760.0,10202.0,3708.0,2046.0,3677.0,7115.0,6935.0,5482.0,11318.0,2458.0
21149.0,47006.0,10303.0,3794.0,2042.0,3636.0,7558.0,7058.0,5552.0,11395.0,2444.0
20783.0,49390.0,9846.0,3863.0,2084.0,3490.0,7846.0,7200.0,5524.0,11556.0,2204.0
19903.0,49885.0,9780.0,3836.0,2069.0,3408.0,8061.0,7087.0,5428.0,11468.0,2262.0
19327.0,50677.0,9806.0,3812.0,2068.0,3362.0,8143.0,7144.0,5356.0,11679.0,2334.0
18657.0,50433.0,9713.0,3766.0,2041.0,3172.0,7927.0,7186.0,5231.0,11737.0,2391.0
17529.0,49635.0,9431.0,3646.0,1920.0,2952.0,7737.0,7189.0,4885.0,11838.0,2306.0
16247.0,48628.0,8912.0,3419.0,1735.0,2814.0,7381.0,6949.0,4511.0,11647.0,2245.0
15096.0,45660.0,8254.0,3160.0,1646.0,2611.0,6870.0,6498.0,4163.0,10989.0,2130.0
13895.0,41983.0,7693.0,2935.0,1546.0,2447.0,6405.0,6022.0,3873.0,10212.0,2082.0
13126.0,38079.0,7311.0,2756.0,1462.0,2345.0,5867.0,5635.0,3688.0,9534.0,2027.0
12446.0,34400.0,7074.0,2662.0,1437.0,2298.0,5282.0,5340.0,3603.0,8911.0,2025.0
11987.0,31898.0,6804.0,2567.0,1414.0,2242.0,4945.0,5084.0,3511.0,8507.0,1968.0
11820.0,30626.0,6742.0,2543.0,1450.0,2254.0,4654.0,5008.0,3537.0,8262.0,1935.0
11719.0,29358.0,6844.0,2554.0,1497.0,2329.0,4546.0,4949.0,3602.0,8162.0,1944.0
11781.0,29101.0,7044.0,2694.0,1566.0,2427.0,4366.0,5031.0,3802.0,8209.0,1941.0
12545.0,29788.0,7302.0,2855.0,1703.0,2655.0,4348.0,5211.0,4087.0,8518.0,1972.0
13829.0,31060.0,7961.0,3136.0,1830.0,2978.0,4399.0,5573.0,4475.0,9173.0,2091.0
15017.0,33593.0,8319.0,3349.0,1880.0,3191.0,4651.0,6093.0,4675.0,9920.0,2173.0
16164.0,37144.0,8691.0,3475.0,1892.0,3373.0,5173.0,6660.0,4901.0,10868.0,2264.0
17307.0,40789.0,8973.0,3544.0,1893.0,3511.0,5633.0,7027.0,5056.0,11442.0,2348.0
18038.0,42522.0,9219.0,3620.0,1936.0,3610.0,6071.0,7123.0,5235.0,11571.0,2371.0
18707.0,44130.0,9369.0,3718.0,1928.0,3658.0,6416.0,7190.0,5353.0,11616.0,2357.0
19305.0,46090.0,9571.0,3775.0,1963.0,3719.0,6888.0,7238.0,5441.0,11602.0,2382.0
20054.0,48502.0,9962.0,3837.0,2032.0,3738.0,7405.0,7278.0,5589.0,11616.0,2403.0
20309.0,50631.0,10072.0,3970.0,2100.0,3732.0,7766.0,7298.0,5768.0,11527.0,2428.0
20354.0,52192.0,10053.0,4127.0,2128.0,3621.0,8095.0,7501.0,5875.0,11726.0,2323.0
20133.0,54243.0,10172.0,4246.0,2186.0,3546.0,8394.0,7654.0,5906.0,12111.0,2344.0
19975.0,55507.0,10214.0,4258.0,2219.0,3553.0,8643.0,7745.0,5919.0,12390.0,2389.0
12356.0,42951.0,9360.0,3551.0,2244.0,2733.0,5617.0,8146.0,5078.0,13117.0,2471.0
11551.0,45028.0,9127.0,3504.0,2148.0,2583.0,5855.0,8230.0,4809.0,13486.0,2467.0
10800.0,44299.0,8623.0,3327.0,2019.0,2458.0,5813.0,7923.0,4546.0,13153.0,2342.0
9739.0,41719.0,8072.0,3099.0,1888.0,2333.0,5477.0,7465.0,4237.0,12395.0,2259.0
9038.0,38435.0,7478.0,2905.0,1794.0,2220.0,5195.0,6941.0,3995.0,11511.0,2188.0
8627.0,34627.0,7203.0,2764.0,1750.0,2170.0,4847.0,6333.0,3891.0,10614.0,2168.0
8295.0,31290.0,7053.0,2706.0,1755.0,2168.0,4486.0,6163.0,3822.0,9976.0,2162.0
8150.0,29648.0,7000.0,2681.0,1732.0,2182.0,4295.0,5930.0,3804.0,9664.0,2131.0
8264.0,28604.0,7165.0,2755.0,1780.0,2241.0,4114.0,5880.0,3937.0,9555.0,2172.0
8740.0,28006.0,7534.0,2828.0,1938.0,2378.0,4079.0,5997.0,4263.0,9666.0,2261.0
9399.0,27962.0,8182.0,3056.0,2102.0,2461.0,4129.0,6388.0,4717.0,10212.0,2322.0
9818.0,29582.0,8737.0,3419.0,2231.0,2559.0,4256.0,7042.0,5098.0,11365.0,2387.0
10213.0,33768.0,9043.0,3652.0,2298.0,2681.0,4482.0,7692.0,5249.0,12727.0,2417.0
10590.0,37246.0,9005.0,3737.0,2273.0,2823.0,4703.0,8019.0,5233.0,13415.0,2541.0
10662.0,40367.0,8845.0,3731.0,2209.0,2832.0,4987.0,8178.0,5160.0,13762.0,2630.0
10700.0,41773.0,8593.0,3615.0,2138.0,2831.0,5136.0,8229.0,5033.0,13663.0,2615.0
10922.0,41450.0,8599.0,3495.0,2077.0,2848.0,5153.0,7996.0,4942.0,13250.0,2678.0
11129.0,40735.0,8487.0,3362.0,2060.0,2841.0,5138.0,7784.0,4874.0,12848.0,2660.0
11356.0,40483.0,8436.0,3367.0,2039.0,2829.0,5123.0,7630.0,4809.0,12575.0,2687.0
11482.0,40783.0,8379.0,3297.0,2039.0,2790.0,5199.0,7505.0,4798.0,12345.0,2577.0
11706.0,40319.0,8422.0,3300.0,2058.0,2713.0,5197.0,7373.0,4779.0,12142.0,2481.0
11875.0,40461.0,8671.0,3317.0,2117.0,2661.0,5240.0,7357.0,4767.0,12159.0,2455.0
12283.0,40823.0,8996.0,3387.0,2215.0,2793.0,5273.0,7396.0,4977.0,12261.0,2483.0
12677.0,41573.0,9207.0,3429.0,2273.0,2823.0,5442.0,7618.0,5125.0,12643.0,2469.0
12280.0,43164.0,9107.0,3462.0,2189.0,2715.0,5626.0,7939.0,4981.0,13202.0,2450.0
11597.0,45251.0,8738.0,3452.0,2085.0,2550.0,5853.0,7983.0,4705.0,13460.0,2388.0
10774.0,44424.0,8290.0,3256.0,1961.0,2412.0,5809.0,7740.0,4429.0,13233.0,2329.0
9840.0,41827.0,7704.0,3000.0,1826.0,2285.0,5571.0,7292.0,4111.0,12450.0,2238.0
8994.0,38363.0,7154.0,2782.0,1743.0,2177.0,5230.0,6760.0,3869.0,11570.0,2163.0
8542.0,34481.0,6916.0,2626.0,1684.0,2115.0,4864.0,6178.0,3720.0,10648.0,2131.0
8255.0,31296.0,6751.0,2572.0,1641.0,2100.0,4494.0,6016.0,3652.0,10057.0,2089.0
8113.0,29689.0,6701.0,2550.0,1660.0,2114.0,4271.0,5813.0,3649.0,9728.0,2094.0
8241.0,28591.0,6866.0,2570.0,1737.0,2186.0,4113.0,5670.0,3760.0,9522.0,2136.0
8747.0,27751.0,7305.0,2709.0,1890.0,2331.0,4042.0,5768.0,4059.0,9644.0,2241.0
9260.0,27831.0,8021.0,2973.0,2054.0,2397.0,4062.0,6155.0,4479.0,10194.0,2262.0
9783.0,29287.0,8600.0,3315.0,2169.0,2506.0,4199.0,6774.0,4829.0,11251.0,2339.0
10251.0,33315.0,8830.0,3534.0,2246.0,2654.0,4460.0,7407.0,5015.0,12559.0,2401.0
10574.0,37111.0,8839.0,3634.0,2231.0,2808.0,4684.0,7781.0,5046.0,13249.0,2496.0
10603.0,40364.0,8671.0,3596.0,2151.0,2831.0,5028.0,8031.0,5016.0,13556.0,2596.0
10729.0,41912.0,8399.0,3501.0,2068.0,2851.0,5173.0,8126.0,4923.0,13528.0,2538.0
10827.0,41542.0,8377.0,3419.0,2034.0,2855.0,5190.0,7943.0,4831.0,13097.0,2646.0
11238.0,40905.0,8349.0,3359.0,2016.0,2855.0,5195.0,7738.0,4836.0,12733.0,2644.0
11373.0,40942.0,8331.0,3290.0,1984.0,2828.0,5233.0,7630.0,4773.0,12406.0,2633.0
11686.0,41386.0,8238.0,3265.0,2004.0,2795.0,5281.0,7525.0,4790.0,12211.0,2523.0
12004.0,41055.0,8342.0,3264.0,2058.0,2719.0,5293.0,7332.0,4747.0,11901.0,2424.0
11960.0,41094.0,8603.0,3259.0,2074.0,2661.0,5289.0,7337.0,4728.0,11933.0,2385.0
12331.0,41439.0,8901.0,3319.0,2130.0,2774.0,5268.0,7264.0,4915.0,11961.0,2413.0
12646.0,42073.0,9088.0,3410.0,2193.0,2791.0,5446.0,7432.0,5055.0,12205.0,2459.0
12205.0,43409.0,8868.0,3462.0,2157.0,2684.0,5621.0,7716.0,4968.0,12788.0,2417.0
11523.0,45251.0,8555.0,3380.0,2027.0,2525.0,5858.0,7850.0,4643.0,13103.0,2360.0
10777.0,44457.0,8045.0,3206.0,1921.0,2412.0,5791.0,7577.0,4348.0,12929.0,2249.0
9904.0,41925.0,7626.0,2955.0,1816.0,2284.0,5552.0,7161.0,4048.0,12208.0,2211.0
9056.0,38358.0,6986.0,2734.0,1731.0,2167.0,5245.0,6598.0,3831.0,11286.0,2116.0
8609.0,34451.0,6733.0,2576.0,1667.0,2096.0,4861.0,6051.0,3661.0,10417.0,2099.0
8322.0,31585.0,6616.0,2490.0,1624.0,2072.0,4511.0,5884.0,3569.0,9786.0,2072.0
8112.0,29884.0,6521.0,2472.0,1626.0,2080.0,4301.0,5671.0,3573.0,9461.0,2042.0
8214.0,28724.0,6629.0,2475.0,1690.0,2121.0,4190.0,5547.0,3656.0,9351.0,2084.0
8569.0,27613.0,6972.0,2570.0,1801.0,2225.0,4067.0,5600.0,3923.0,9421.0,2145.0
8933.0,27418.0,7574.0,2831.0,1967.0,2309.0,4095.0,5893.0,4299.0,9946.0,2184.0
9532.0,28978.0,8057.0,3168.0,2125.0,2450.0,4197.0,6469.0,4699.0,10965.0,2280.0
10117.0,32692.0,8484.0,3421.0,2198.0,2610.0,4403.0,7114.0,4879.0,12248.0,2365.0
10438.0,36075.0,8483.0,3509.0,2191.0,2770.0,4635.0,7535.0,4896.0,12963.0,2442.0
10607.0,39283.0,8364.0,3497.0,2120.0,2800.0,4991.0,7809.0,4858.0,13351.0,2546.0
10902.0,40676.0,8148.0,3425.0,2077.0,2804.0,5077.0,7909.0,4793.0,13283.0,2508.0
11142.0,40380.0,8182.0,3353.0,2012.0,2823.0,5129.0,7745.0,4758.0,12882.0,2599.0
11451.0,39972.0,8138.0,3301.0,2000.0,2822.0,5201.0,7565.0,4715.0,12522.0,2546.0
11736.0,39997.0,8123.0,3254.0,1972.0,2794.0,5230.0,7417.0,4676.0,12166.0,2559.0
12114.0,40467.0,8014.0,3210.0,1993.0,2769.0,5293.0,7341.0,4690.0,12020.0,2446.0
12421.0,40149.0,8066.0,3182.0,1995.0,2695.0,5354.0,7186.0,4676.0,11729.0,2320.0
12471.0,40392.0,8364.0,3193.0,2042.0,2635.0,5445.0,7169.0,4671.0,11725.0,2313.0
12593.0,40723.0,8512.0,3278.0,2102.0,2704.0,5585.0,7126.0,4793.0,11694.0,2313.0
12811.0,41581.0,8727.0,3296.0,2166.0,2771.0,5708.0,7238.0,4891.0,11967.0,2371.0
12304.0,43076.0,8660.0,3333.0,2125.0,2678.0,5817.0,7474.0,4795.0,12335.0,2355.0
11595.0,44510.0,8364.0,3286.0,2036.0,2535.0,6035.0,7618.0,4596.0,12616.0,2321.0
10910.0,43464.0,7996.0,3104.0,1905.0,2390.0,5918.0,7386.0,4230.0,12434.0,2260.0
10027.0,40993.0,7485.0,2871.0,1773.0,2252.0,5675.0,7197.0,3962.0,12200.0,2179.0
9175.0,38007.0,7046.0,2703.0,1682.0,2120.0,5395.0,6721.0,3654.0,11415.0,2108.0
8607.0,34150.0,6789.0,2530.0,1641.0,2054.0,4928.0,6118.0,3522.0,10589.0,2074.0
8259.0,30930.0,6595.0,2444.0,1585.0,2010.0,4530.0,5971.0,3396.0,9957.0,2043.0
8146.0,29069.0,6479.0,2390.0,1597.0,2005.0,4294.0,5707.0,3401.0,9581.0,2063.0
8073.0,27819.0,6553.0,2408.0,1596.0,2002.0,4101.0,5575.0,3442.0,9391.0,2095.0
8019.0,26935.0,6730.0,2460.0,1663.0,2035.0,4025.0,5569.0,3577.0,9460.0,2123.0
7990.0,26249.0,6986.0,2583.0,1754.0,2140.0,3974.0,5686.0,3703.0,9674.0,2140.0
8546.0,25909.0,7344.0,2806.0,1903.0,2365.0,3937.0,5946.0,4119.0,10119.0,2238.0
9311.0,27210.0,7529.0,3094.0,1984.0,2586.0,4008.0,6316.0,4481.0,10885.0,2395.0
9703.0,30059.0,7780.0,3198.0,1998.0,2664.0,4163.0,6806.0,4463.0,11705.0,2505.0
10051.0,32958.0,7918.0,3226.0,1975.0,2711.0,4444.0,7084.0,4514.0,12226.0,2554.0
10379.0,34761.0,7844.0,3200.0,1928.0,2744.0,4647.0,7143.0,4498.0,12204.0,2525.0
10607.0,36206.0,7947.0,3150.0,1909.0,2785.0,4807.0,7048.0,4508.0,11978.0,2513.0
10963.0,36680.0,7936.0,3117.0,1903.0,2799.0,4920.0,6905.0,4466.0,11676.0,2513.0
11311.0,37485.0,7958.0,3067.0,1901.0,2791.0,5046.0,6874.0,4489.0,11468.0,2528.0
11516.0,38101.0,7921.0,3064.0,1894.0,2808.0,5110.0,6795.0,4514.0,11268.0,2514.0
11650.0,38274.0,7965.0,3038.0,1898.0,2667.0,5219.0,6781.0,4496.0,11172.0,2420.0
11939.0,38044.0,8203.0,3033.0,1982.0,2590.0,5312.0,6809.0,4469.0,11161.0,2321.0
11940.0,38063.0,8240.0,3033.0,1999.0,2596.0,5426.0,6915.0,4491.0,11371.0,2222.0
12291.0,38399.0,8574.0,3060.0,2054.0,2663.0,5489.0,7070.0,4601.0,11633.0,2350.0
11956.0,39447.0,8545.0,3172.0,2035.0,2606.0,5509.0,7291.0,4573.0,11899.0,2325.0
11298.0,41010.0,8409.0,3161.0,1975.0,2489.0,5775.0,7444.0,4373.0,12270.0,2304.0
10714.0,40816.0,7885.0,3023.0,1852.0,2327.0,5665.0,7329.0,4078.0,12229.0,2191.0
9842.0,38761.0,7449.0,2815.0,1765.0,2217.0,5477.0,6918.0,3827.0,11690.0,2123.0
8836.0,36146.0,6943.0,2607.0,1654.0,2096.0,5193.0,6461.0,3582.0,10959.0,2047.0
8387.0,33265.0,6705.0,2474.0,1620.0,2012.0,4851.0,5895.0,3443.0,10260.0,1997.0
8011.0,30718.0,6521.0,2398.0,1624.0,1974.0,4463.0,5789.0,3362.0,9638.0,1982.0
7750.0,28639.0,6451.0,2357.0,1595.0,1931.0,4243.0,5571.0,3318.0,9257.0,1987.0
7637.0,27071.0,6584.0,2363.0,1619.0,1941.0,4022.0,5391.0,3342.0,9077.0,2029.0
7746.0,26164.0,6704.0,2432.0,1678.0,1977.0,3952.0,5323.0,3453.0,9052.0,2088.0
7935.0,25844.0,6833.0,2533.0,1752.0,2048.0,3884.0,5451.0,3633.0,9243.0,2095.0
8493.0,25930.0,7101.0,2785.0,1837.0,2267.0,3886.0,5607.0,3980.0,9644.0,2184.0
9283.0,26462.0,7385.0,3041.0,1914.0,2491.0,3898.0,5961.0,4308.0,10311.0,2298.0
9658.0,28799.0,7629.0,3140.0,1944.0,2560.0,4103.0,6440.0,4394.0,11113.0,2417.0
10048.0,31486.0,7650.0,3168.0,1940.0,2595.0,4362.0,6779.0,4404.0,11626.0,2485.0
10412.0,32708.0,7647.0,3120.0,1901.0,2619.0,4598.0,6869.0,4399.0,11695.0,2436.0
10740.0,33469.0,7710.0,3088.0,1894.0,2644.0,4796.0,6855.0,4428.0,11521.0,2468.0
11124.0,33775.0,7602.0,3055.0,1859.0,2670.0,4889.0,6798.0,4402.0,11275.0,2463.0
11520.0,34628.0,7742.0,3010.0,1845.0,2670.0,5063.0,6747.0,4418.0,11177.0,2512.0
11825.0,35038.0,7817.0,3010.0,1839.0,2681.0,5136.0,6685.0,4448.0,11012.0,2541.0
12095.0,35145.0,7889.0,3028.0,1863.0,2560.0,5136.0,6670.0,4438.0,10914.0,2448.0
12273.0,34963.0,8081.0,2955.0,1914.0,2484.0,5192.0,6691.0,4384.0,10874.0,2371.0
12082.0,35092.0,8093.0,2958.0,1988.0,2522.0,5217.0,6786.0,4412.0,11026.0,2242.0
12294.0,35410.0,8541.0,3012.0,2065.0,2619.0,5226.0,6947.0,4568.0,11300.0,2387.0
11994.0,36738.0,8596.0,3143.0,2021.0,2562.0,5245.0,7158.0,4529.0,11594.0,2384.0
11335.0,38799.0,8417.0,3055.0,1890.0,2404.0,5494.0,7411.0,4320.0,12104.0,2169.0
10499.0,39327.0,7786.0,2973.0,1807.0,2291.0,5524.0,7076.0,4172.0,12244.0,2121.0
9838.0,38248.0,7295.0,2721.0,1727.0,2173.0,5377.0,6589.0,3923.0,11516.0,2033.0
9139.0,35790.0,6906.0,2593.0,1663.0,2099.0,5165.0,6155.0,3734.0,10726.0,1968.0
8654.0,32863.0,6579.0,2461.0,1607.0,2024.0,4793.0,5689.0,3597.0,10036.0,1939.0
8338.0,30093.0,6499.0,2370.0,1602.0,2015.0,4322.0,5621.0,3520.0,9472.0,1930.0
8167.0,28587.0,6512.0,2363.0,1624.0,2031.0,4098.0,5424.0,3526.0,9142.0,1935.0
8166.0,27104.0,6650.0,2377.0,1670.0,2073.0,3971.0,5339.0,3641.0,9053.0,1962.0
8553.0,26819.0,7140.0,2522.0,1818.0,2192.0,3898.0,5385.0,3883.0,9133.0,2030.0
8768.0,27378.0,7809.0,2817.0,1950.0,2304.0,3932.0,5715.0,4317.0,9598.0,2093.0
9438.0,28731.0,8350.0,3169.0,2074.0,2459.0,4051.0,6306.0,4697.0,10537.0,2136.0
9965.0,32367.0,8696.0,3391.0,2159.0,2601.0,4398.0,6993.0,4919.0,11825.0,2220.0
10309.0,36067.0,8779.0,3506.0,2143.0,2809.0,4651.0,7379.0,5008.0,12712.0,2350.0
10487.0,39921.0,8682.0,3478.0,2106.0,2851.0,4980.0,7672.0,4985.0,13176.0,2392.0
10602.0,41320.0,8507.0,3418.0,2047.0,2861.0,5084.0,7856.0,4912.0,13407.0,2393.0
10785.0,41100.0,8646.0,3379.0,2011.0,2887.0,5125.0,7744.0,4893.0,13236.0,2502.0
11083.0,40482.0,8577.0,3341.0,1990.0,2907.0,5162.0,7610.0,4884.0,12947.0,2513.0
11259.0,40278.0,8496.0,3324.0,1972.0,2909.0,5190.0,7555.0,4788.0,12695.0,2510.0
11500.0,40235.0,8373.0,3311.0,1970.0,2855.0,5207.0,7451.0,4813.0,12494.0,2381.0
11723.0,39757.0,8528.0,3331.0,1972.0,2834.0,5171.0,7333.0,4870.0,12211.0,2355.0
11931.0,40002.0,8823.0,3335.0,2043.0,2742.0,5262.0,7346.0,4894.0,12278.0,2315.0
12219.0,40482.0,9202.0,3416.0,2109.0,2813.0,5278.0,7322.0,5037.0,12173.0,2344.0
12622.0,41304.0,9469.0,3449.0,2188.0,2851.0,5390.0,7540.0,5110.0,12567.0,2345.0
12263.0,42804.0,9309.0,3500.0,2122.0,2718.0,5581.0,7805.0,5056.0,13042.0,2315.0
11686.0,44718.0,8942.0,3445.0,2006.0,2541.0,5825.0,7873.0,4772.0,13380.0,2257.0
10820.0,44538.0,8425.0,3240.0,1864.0,2418.0,5777.0,7595.0,4480.0,13165.0,2209.0
9823.0,42080.0,7782.0,2947.0,1765.0,2284.0,5538.0,7098.0,4148.0,12412.0,2100.0
8960.0,38547.0,7347.0,2740.0,1685.0,2182.0,5134.0,6577.0,3923.0,11555.0,2048.0
8420.0,34943.0,7124.0,2586.0,1649.0,2097.0,4747.0,6025.0,3766.0,10653.0,2004.0
8035.0,32175.0,6935.0,2497.0,1602.0,2105.0,4315.0,5859.0,3658.0,9951.0,1990.0
7967.0,30150.0,6906.0,2456.0,1601.0,2129.0,4127.0,5662.0,3710.0,9601.0,1982.0
8009.0,28855.0,7007.0,2455.0,1674.0,2163.0,3996.0,5513.0,3772.0,9419.0,1995.0
8424.0,28199.0,7318.0,2582.0,1830.0,2314.0,3926.0,5591.0,4065.0,9446.0,2082.0
9007.0,28536.0,8014.0,2896.0,1970.0,2408.0,3949.0,5942.0,4482.0,9851.0,2119.0
9516.0,30194.0,8604.0,3245.0,2091.0,2562.0,4137.0,6586.0,4874.0,10835.0,2149.0
9946.0,33705.0,9046.0,3423.0,2154.0,2695.0,4407.0,7217.0,5031.0,12024.0,2239.0
10236.0,37186.0,9189.0,3516.0,2125.0,2892.0,4670.0,7529.0,5070.0,12839.0,2332.0
10246.0,40722.0,9227.0,3463.0,2054.0,2887.0,4937.0,7751.0,4996.0,13264.0,2373.0
10290.0,41947.0,9128.0,3402.0,1999.0,2873.0,5061.0,7793.0,4910.0,13380.0,2371.0
10480.0,41441.0,9252.0,3349.0,1966.0,2879.0,5121.0,7693.0,4856.0,13199.0,2513.0
10754.0,40760.0,9309.0,3331.0,1975.0,2903.0,5136.0,7575.0,4806.0,12930.0,2509.0
10833.0,40588.0,9342.0,3312.0,1955.0,2870.0,5159.0,7464.0,4791.0,12720.0,2518.0
11133.0,40958.0,9181.0,3272.0,1970.0,2833.0,5167.0,7390.0,4725.0,12621.0,2360.0
11504.0,40639.0,9284.0,3291.0,1984.0,2805.0,5213.0,7287.0,4769.0,12412.0,2339.0
11720.0,41311.0,9661.0,3309.0,2058.0,2717.0,5285.0,7333.0,4780.0,12492.0,2265.0
12183.0,41779.0,9956.0,3391.0,2102.0,2807.0,5405.0,7278.0,4928.0,12480.0,2285.0
12580.0,42600.0,10057.0,3447.0,2177.0,2867.0,5585.0,7435.0,5057.0,12866.0,2311.0
18599.0,52724.0,11634.0,4336.0,2273.0,3550.0,8732.0,8004.0,5913.0,13146.0,2577.0
16960.0,52005.0,11281.0,4288.0,2171.0,3241.0,8497.0,7908.0,5731.0,12987.0,2540.0
15604.0,51298.0,10379.0,4165.0,1988.0,2954.0,8292.0,7776.0,5275.0,12715.0,2512.0
14075.0,49488.0,9460.0,3886.0,1859.0,2709.0,7974.0,7425.0,4807.0,12370.0,2403.0
12579.0,45028.0,8753.0,3629.0,1733.0,2535.0,7321.0,6910.0,4416.0,11555.0,2344.0
11753.0,40335.0,8291.0,3430.0,1693.0,2406.0,6771.0,6254.0,4207.0,10598.0,2331.0
11008.0,36481.0,7990.0,3311.0,1647.0,2324.0,6219.0,6072.0,4060.0,9907.0,2275.0
10585.0,33838.0,7717.0,3223.0,1654.0,2305.0,5837.0,5796.0,3962.0,9421.0,2236.0
10320.0,32244.0,7619.0,3178.0,1679.0,2332.0,5575.0,5622.0,3995.0,9253.0,2220.0
10221.0,31354.0,7753.0,3249.0,1766.0,2418.0,5368.0,5678.0,4193.0,9161.0,2220.0
10732.0,31194.0,8241.0,3413.0,1890.0,2624.0,5298.0,5901.0,4550.0,9447.0,2304.0
11827.0,32346.0,8827.0,3753.0,2036.0,2897.0,5308.0,6340.0,5022.0,10000.0,2348.0
13209.0,35861.0,9584.0,4041.0,2160.0,3162.0,5501.0,6938.0,5478.0,10901.0,2459.0
14298.0,40305.0,9971.0,4192.0,2197.0,3380.0,6062.0,7402.0,5638.0,11718.0,2535.0
15370.0,44754.0,10284.0,4288.0,2182.0,3572.0,6708.0,7754.0,5737.0,12306.0,2594.0
16376.0,47447.0,10369.0,4382.0,2201.0,3742.0,7198.0,7816.0,5971.0,12418.0,2664.0
16864.0,49261.0,10598.0,4453.0,2198.0,3876.0,7612.0,7927.0,6111.0,12503.0,2686.0
17801.0,50494.0,10802.0,4547.0,2215.0,3966.0,7897.0,7984.0,6226.0,12545.0,2725.0
18762.0,51915.0,11061.0,4586.0,2250.0,4028.0,8305.0,7979.0,6309.0,12494.0,2678.0
19509.0,53566.0,11521.0,4643.0,2267.0,4149.0,8620.0,7984.0,6497.0,12471.0,2737.0
20169.0,54923.0,11825.0,4770.0,2316.0,4146.0,8946.0,7948.0,6611.0,12335.0,2772.0
20494.0,57162.0,12232.0,4886.0,2347.0,4143.0,9265.0,8049.0,6746.0,12552.0,2771.0
20430.0,58774.0,12466.0,4956.0,2348.0,4009.0,9386.0,8099.0,6700.0,12668.0,2751.0
19665.0,59560.0,12251.0,4985.0,2309.0,3875.0,9630.0,8223.0,6574.0,12966.0,2721.0
18687.0,59930.0,11857.0,4912.0,2265.0,3715.0,9802.0,8290.0,6398.0,13135.0,2716.0
17225.0,58310.0,11766.0,4790.0,2169.0,3414.0,9469.0,8177.0,6113.0,12984.0,2677.0
15503.0,56639.0,11104.0,4580.0,2006.0,3088.0,9187.0,7986.0,5622.0,12746.0,2620.0
13920.0,54295.0,10220.0,4214.0,1862.0,2836.0,8748.0,7659.0,5122.0,12452.0,2516.0
12625.0,49340.0,9372.0,3898.0,1737.0,2640.0,8024.0,7098.0,4683.0,11688.0,2440.0
11609.0,43854.0,8798.0,3624.0,1673.0,2503.0,7373.0,6438.0,4405.0,10803.0,2365.0
10902.0,39494.0,8398.0,3416.0,1629.0,2445.0,6545.0,6182.0,4155.0,9988.0,2304.0
10456.0,36457.0,8098.0,3299.0,1609.0,2373.0,6163.0,5872.0,4045.0,9469.0,2245.0
10234.0,34649.0,8037.0,3260.0,1626.0,2430.0,5730.0,5657.0,4063.0,9247.0,2258.0
10190.0,33434.0,8056.0,3296.0,1731.0,2524.0,5465.0,5698.0,4235.0,9227.0,2267.0
10829.0,33349.0,8435.0,3461.0,1868.0,2719.0,5389.0,5940.0,4654.0,9469.0,2320.0
11953.0,34503.0,8885.0,3810.0,2022.0,3008.0,5358.0,6385.0,5164.0,9961.0,2406.0
13542.0,37733.0,9785.0,4152.0,2159.0,3334.0,5591.0,7012.0,5630.0,10912.0,2561.0
14673.0,42254.0,10322.0,4369.0,2188.0,3544.0,6179.0,7555.0,5938.0,11847.0,2599.0
15802.0,47219.0,10690.0,4493.0,2208.0,3761.0,6904.0,7918.0,6172.0,12426.0,2715.0
17013.0,50762.0,10838.0,4619.0,2235.0,3973.0,7456.0,8084.0,6395.0,12533.0,2744.0
17953.0,53190.0,11052.0,4770.0,2301.0,4132.0,8010.0,8250.0,6655.0,12628.0,2818.0
18936.0,55183.0,11259.0,4897.0,2325.0,4207.0,8385.0,8421.0,6862.0,12801.0,2855.0
19933.0,56959.0,11483.0,5004.0,2361.0,4270.0,8836.0,8551.0,6922.0,12826.0,2820.0
21092.0,58954.0,11816.0,5145.0,2430.0,4337.0,9221.0,8582.0,7132.0,12841.0,2874.0
21493.0,60675.0,12040.0,5277.0,2448.0,4304.0,9638.0,8639.0,7223.0,12788.0,2903.0
21937.0,62634.0,12317.0,5416.0,2458.0,4256.0,10039.0,8739.0,7383.0,12984.0,2877.0
21718.0,64192.0,12473.0,5469.0,2476.0,4110.0,10240.0,8870.0,7329.0,13200.0,2855.0
21017.0,64516.0,12315.0,5465.0,2450.0,4051.0,10460.0,9024.0,7167.0,13575.0,2820.0
20168.0,64760.0,12060.0,5372.0,2363.0,3871.0,10633.0,9001.0,6970.0,13694.0,2809.0
18447.0,63290.0,11678.0,5176.0,2240.0,3563.0,10331.0,8830.0,6608.0,13565.0,2773.0
16489.0,61198.0,10835.0,4938.0,2047.0,3289.0,9895.0,8593.0,6055.0,13253.0,2678.0
14857.0,58205.0,10294.0,4534.0,1887.0,3027.0,9469.0,8202.0,5494.0,12944.0,2561.0
13400.0,52387.0,9429.0,4155.0,1734.0,2802.0,8550.0,7537.0,4962.0,12118.0,2455.0
12450.0,46450.0,8890.0,3862.0,1670.0,2607.0,7780.0,6705.0,4652.0,11092.0,2381.0
11509.0,41229.0,8520.0,3647.0,1603.0,2534.0,7050.0,6514.0,4452.0,10273.0,2333.0
10881.0,37947.0,8165.0,3497.0,1586.0,2527.0,6520.0,6135.0,4317.0,9760.0,2257.0
10649.0,35775.0,8067.0,3421.0,1607.0,2572.0,6082.0,5917.0,4288.0,9461.0,2238.0
10658.0,34109.0,8085.0,3443.0,1679.0,2670.0,5772.0,5868.0,4415.0,9395.0,2225.0
11111.0,33909.0,8563.0,3582.0,1845.0,2845.0,5642.0,6038.0,4777.0,9533.0,2283.0
12376.0,35005.0,9078.0,3937.0,1993.0,3131.0,5584.0,6432.0,5333.0,9991.0,2398.0
13927.0,38206.0,9638.0,4337.0,2135.0,3421.0,5778.0,7106.0,5883.0,11005.0,2504.0
15554.0,43320.0,10074.0,4571.0,2208.0,3625.0,6364.0,7722.0,6169.0,11975.0,2599.0
16877.0,48644.0,10298.0,4766.0,2209.0,3770.0,7176.0,8186.0,6444.0,12801.0,2694.0
18276.0,52625.0,10525.0,4910.0,2235.0,3910.0,7810.0,8424.0,6661.0,13029.0,2777.0
19599.0,55544.0,10726.0,5071.0,2347.0,4009.0,8348.0,8648.0,6858.0,13271.0,2853.0
20896.0,57850.0,10826.0,5265.0,2392.0,4046.0,8922.0,8912.0,7088.0,13567.0,2866.0
22184.0,59967.0,11008.0,5343.0,2440.0,4044.0,9510.0,9091.0,7135.0,13716.0,2823.0
23029.0,62201.0,11388.0,5514.0,2489.0,4070.0,10036.0,9194.0,7300.0,13863.0,2840.0
23672.0,63916.0,11617.0,5608.0,2508.0,3994.0,10405.0,9296.0,7390.0,14058.0,2840.0
23859.0,65807.0,11712.0,5689.0,2539.0,3884.0,10888.0,9449.0,7437.0,14323.0,2814.0
23724.0,67245.0,11755.0,5726.0,2554.0,3719.0,10967.0,9580.0,7340.0,14561.0,2773.0
22811.0,67683.0,11453.0,5719.0,2508.0,3695.0,11096.0,9650.0,7189.0,14812.0,2761.0
21934.0,67596.0,11192.0,5608.0,2421.0,3541.0,11010.0,9630.0,6970.0,14826.0,2738.0
20348.0,65704.0,11055.0,5411.0,2325.0,3277.0,10732.0,9387.0,6665.0,14591.0,2671.0
18527.0,63462.0,10344.0,5195.0,2180.0,3161.0,10373.0,9046.0,6174.0,14170.0,2658.0
16837.0,60440.0,9512.0,4835.0,2023.0,2940.0,9859.0,8706.0,5696.0,13934.0,2579.0
15359.0,54711.0,8794.0,4433.0,1859.0,2736.0,9130.0,8037.0,5194.0,13035.0,2508.0
14071.0,48676.0,8301.0,4105.0,1766.0,2595.0,8323.0,7104.0,4851.0,11985.0,2454.0
13265.0,43480.0,8025.0,3900.0,1716.0,2491.0,7567.0,6936.0,4614.0,11041.0,2387.0
12774.0,39535.0,7761.0,3720.0,1679.0,2436.0,7136.0,6489.0,4416.0,10392.0,2338.0
12268.0,36908.0,7537.0,3595.0,1681.0,2407.0,6689.0,6117.0,4333.0,9964.0,2306.0
11879.0,35154.0,7459.0,3511.0,1663.0,2425.0,6179.0,5976.0,4288.0,9716.0,2306.0
11657.0,33968.0,7653.0,3527.0,1788.0,2538.0,6087.0,5889.0,4442.0,9538.0,2339.0
12568.0,33737.0,8034.0,3748.0,1926.0,2889.0,5758.0,6036.0,4879.0,9651.0,2450.0
14012.0,34987.0,8470.0,4086.0,2024.0,3154.0,5746.0,6427.0,5399.0,10157.0,2554.0
15938.0,38480.0,8860.0,4316.0,2140.0,3392.0,6175.0,7146.0,5782.0,11172.0,2636.0
17952.0,42517.0,9271.0,4588.0,2195.0,3615.0,6796.0,7585.0,6156.0,11929.0,2759.0
19974.0,47079.0,9579.0,4823.0,2269.0,3811.0,7595.0,7927.0,6443.0,12483.0,2824.0
21292.0,51506.0,9921.0,4998.0,2325.0,3971.0,8376.0,8258.0,6785.0,12878.0,2882.0
22837.0,55326.0,10081.0,5203.0,2370.0,4107.0,9079.0,8536.0,6992.0,13172.0,2930.0
23660.0,59259.0,9956.0,5361.0,2441.0,4158.0,9827.0,8793.0,7107.0,13384.0,2905.0
24174.0,62056.0,9911.0,5483.0,2469.0,4144.0,10400.0,8945.0,7247.0,13574.0,2927.0
24368.0,63947.0,10007.0,5546.0,2440.0,4021.0,10751.0,9130.0,7329.0,13715.0,2911.0
24147.0,65590.0,10034.0,5535.0,2437.0,3794.0,10931.0,9270.0,7342.0,13877.0,2779.0
23528.0,65987.0,10337.0,5506.0,2442.0,3612.0,10950.0,9258.0,7163.0,13848.0,2732.0
22652.0,66407.0,10430.0,5481.0,2373.0,3540.0,11048.0,9261.0,6986.0,14044.0,2740.0
22131.0,65563.0,10359.0,5348.0,2296.0,3404.0,10918.0,9218.0,6758.0,14108.0,2686.0
20515.0,63827.0,10272.0,5213.0,2246.0,3206.0,10618.0,8983.0,6461.0,13897.0,2627.0
19069.0,62088.0,9625.0,5046.0,2123.0,3068.0,10341.0,8741.0,6039.0,13604.0,2518.0
17550.0,59567.0,9103.0,4715.0,1972.0,2855.0,9887.0,8389.0,5550.0,13342.0,2492.0
16364.0,54902.0,8476.0,4352.0,1847.0,2675.0,8937.0,7845.0,5139.0,12642.0,2457.0
15317.0,49542.0,8000.0,4051.0,1773.0,2540.0,8319.0,7031.0,4843.0,11735.0,2367.0
14363.0,44167.0,7743.0,3852.0,1697.0,2460.0,7621.0,6875.0,4645.0,10869.0,2348.0
13512.0,40282.0,7463.0,3671.0,1670.0,2389.0,7129.0,6511.0,4516.0,10268.0,2273.0
12985.0,37484.0,7250.0,3549.0,1631.0,2366.0,6469.0,6141.0,4448.0,9842.0,2244.0
12511.0,35662.0,7205.0,3461.0,1654.0,2376.0,6192.0,6014.0,4386.0,9660.0,2250.0
12343.0,34226.0,7330.0,3435.0,1716.0,2465.0,6011.0,5898.0,4503.0,9469.0,2280.0
13328.0,33541.0,7568.0,3674.0,1840.0,2817.0,5735.0,5993.0,4947.0,9579.0,2387.0
14790.0,34284.0,7934.0,4034.0,1961.0,3067.0,5676.0,6407.0,5414.0,10072.0,2526.0
16439.0,37426.0,8312.0,4338.0,2052.0,3257.0,6037.0,7116.0,5741.0,11157.0,2593.0
18401.0,41271.0,8623.0,4616.0,2144.0,3455.0,6673.0,7584.0,6144.0,11932.0,2699.0
19335.0,45670.0,8738.0,4850.0,2220.0,3629.0,7554.0,8038.0,6446.0,12549.0,2793.0
20865.0,50448.0,8943.0,5064.0,2309.0,3768.0,8301.0,8413.0,6719.0,13071.0,2855.0
21856.0,54365.0,9077.0,5242.0,2377.0,3871.0,9010.0,8699.0,6961.0,13444.0,2889.0
22637.0,57782.0,9080.0,5410.0,2430.0,3946.0,9636.0,9030.0,7130.0,13773.0,2895.0
23404.0,60165.0,9441.0,5543.0,2486.0,3968.0,10301.0,9271.0,7294.0,14075.0,2966.0
23659.0,61165.0,9641.0,5661.0,2513.0,3893.0,10774.0,9512.0,7381.0,14368.0,2973.0
23189.0,62224.0,9811.0,5688.0,2574.0,3674.0,11019.0,9714.0,7414.0,14639.0,2831.0
22441.0,62802.0,9973.0,5703.0,2586.0,3460.0,11086.0,9779.0,7294.0,14684.0,2797.0
21744.0,63327.0,9882.0,5646.0,2513.0,3386.0,11186.0,9807.0,7140.0,14956.0,2802.0
21343.0,62621.0,9942.0,5508.0,2486.0,3313.0,11115.0,9729.0,6931.0,14975.0,2739.0
20245.0,60727.0,9832.0,5195.0,2338.0,3041.0,10838.0,9520.0,6654.0,14836.0,2771.0
18792.0,59264.0,9113.0,4976.0,2116.0,2734.0,10285.0,9402.0,6104.0,14487.0,2499.0
17547.0,56665.0,8541.0,4604.0,1955.0,2562.0,9788.0,8465.0,5571.0,13372.0,2434.0
16067.0,51798.0,7918.0,4274.0,1794.0,2384.0,9154.0,7792.0,5060.0,12552.0,2334.0
14628.0,46617.0,7509.0,3958.0,1702.0,2294.0,8381.0,6849.0,4761.0,11384.0,2254.0
13878.0,41451.0,7296.0,3771.0,1649.0,2228.0,7649.0,6776.0,4542.0,10583.0,2220.0
13299.0,38419.0,7061.0,3638.0,1607.0,2201.0,7168.0,6391.0,4415.0,10031.0,2158.0
13067.0,36113.0,7015.0,3556.0,1634.0,2228.0,6541.0,6101.0,4402.0,9623.0,2140.0
12971.0,34726.0,7202.0,3552.0,1725.0,2314.0,6127.0,6070.0,4531.0,9495.0,2184.0
13426.0,34534.0,7608.0,3718.0,1887.0,2503.0,6046.0,6194.0,4971.0,9586.0,2246.0
14585.0,35778.0,8061.0,4056.0,2051.0,2695.0,6059.0,6615.0,5506.0,10088.0,2371.0
15998.0,38619.0,8553.0,4454.0,2244.0,2889.0,6508.0,7325.0,6019.0,11149.0,2403.0
17381.0,43133.0,8893.0,4796.0,2321.0,3036.0,7140.0,7990.0,6401.0,12300.0,2533.0
18551.0,47985.0,9003.0,5039.0,2369.0,3100.0,7845.0,8559.0,6671.0,13135.0,2613.0
19819.0,52380.0,9114.0,5245.0,2404.0,3171.0,8437.0,8949.0,6949.0,13736.0,2721.0
20436.0,54715.0,9367.0,5458.0,2466.0,3225.0,9055.0,9311.0,7229.0,14088.0,2783.0
21278.0,56705.0,9627.0,5648.0,2511.0,3314.0,9570.0,9522.0,7445.0,14324.0,2831.0
22186.0,58889.0,9672.0,5734.0,2554.0,3356.0,10027.0,9673.0,7344.0,14491.0,2730.0
22911.0,60294.0,9933.0,5853.0,2614.0,3376.0,10216.0,9732.0,7575.0,14532.0,2798.0
23324.0,61906.0,10052.0,5919.0,2637.0,3320.0,10641.0,9909.0,7620.0,14689.0,2818.0
23527.0,63618.0,10268.0,5987.0,2686.0,3275.0,10906.0,10032.0,7727.0,14911.0,2767.0
23090.0,65689.0,10506.0,6076.0,2686.0,3230.0,11025.0,10140.0,7783.0,15115.0,2884.0
22447.0,66720.0,10395.0,6027.0,2607.0,3187.0,11069.0,10199.0,7632.0,15364.0,2857.0
21959.0,67231.0,10110.0,5898.0,2548.0,3084.0,11051.0,10159.0,7398.0,15416.0,2767.0
20641.0,65438.0,9949.0,5741.0,2421.0,2857.0,10745.0,9895.0,6968.0,15163.0,2726.0
19030.0,63497.0,9297.0,5472.0,2250.0,2609.0,10482.0,9521.0,6404.0,14709.0,2620.0
17360.0,60075.0,8614.0,5068.0,2048.0,2435.0,9995.0,8945.0,5825.0,14144.0,2509.0
15859.0,54247.0,8045.0,4671.0,1882.0,2289.0,9285.0,8132.0,5252.0,13055.0,2387.0
14772.0,48455.0,7632.0,4356.0,1783.0,2210.0,8621.0,7119.0,4953.0,11836.0,2342.0
14098.0,43108.0,7350.0,4115.0,1721.0,2151.0,7842.0,6981.0,4715.0,10846.0,2261.0
13593.0,39749.0,7130.0,3919.0,1704.0,2134.0,7302.0,6573.0,4538.0,10245.0,2225.0
13433.0,37397.0,7106.0,3803.0,1692.0,2166.0,6865.0,6211.0,4527.0,9867.0,2205.0
13377.0,35949.0,7229.0,3796.0,1777.0,2227.0,6412.0,6154.0,4637.0,9700.0,2218.0
13617.0,35727.0,7611.0,3879.0,1947.0,2398.0,6206.0,6260.0,5074.0,9804.0,2283.0
14463.0,36960.0,8185.0,4170.0,2132.0,2606.0,6082.0,6716.0,5515.0,10269.0,2360.0
15385.0,39361.0,8697.0,4542.0,2262.0,2829.0,6274.0,7345.0,6075.0,11245.0,2481.0
16348.0,43913.0,9037.0,4884.0,2336.0,2955.0,6864.0,7955.0,6490.0,12179.0,2555.0
17351.0,49100.0,9195.0,5133.0,2380.0,3035.0,7639.0,8514.0,6746.0,12994.0,2654.0
18150.0,53604.0,9158.0,5335.0,2418.0,3092.0,8372.0,8842.0,7003.0,13428.0,2750.0
18728.0,56282.0,9222.0,5518.0,2486.0,3177.0,9023.0,9127.0,7214.0,13814.0,2806.0
19659.0,58151.0,9436.0,5678.0,2539.0,3257.0,9598.0,9350.0,7449.0,13989.0,2877.0
20419.0,59875.0,9597.0,5727.0,2596.0,3322.0,10043.0,9524.0,7396.0,14125.0,2796.0
20821.0,61274.0,10022.0,5842.0,2643.0,3310.0,10390.0,9555.0,7514.0,14114.0,2825.0
21786.0,61987.0,10346.0,5923.0,2666.0,3257.0,10706.0,9670.0,7631.0,14198.0,2797.0
21912.0,62257.0,10623.0,5971.0,2682.0,3220.0,10921.0,9768.0,7716.0,14465.0,2801.0
21698.0,62798.0,10872.0,5996.0,2741.0,3161.0,10883.0,9817.0,7722.0,14654.0,2895.0
21276.0,62798.0,10757.0,5939.0,2659.0,3142.0,10962.0,9833.0,7556.0,14812.0,2865.0
