Period_Index,Rep_Period,Rep_Period_Index
1,296,2
2,296,2
3,296,2
4,296,2
5,296,2
6,296,2
7,296,2
8,296,2
9,296,2
10,296,2
11,296,2
12,296,2
13,296,2
14,296,2
15,296,2
16,296,2
17,296,2
18,296,2
19,296,2
20,296,2
21,296,2
22,296,2
23,296,2
24,296,2
25,296,2
26,296,2
27,296,2
28,296,2
29,296,2
30,296,2
31,296,2
32,296,2
33,296,2
34,296,2
35,296,2
36,296,2
37,296,2
38,296,2
39,296,2
40,296,2
41,296,2
42,296,2
43,296,2
44,296,2
45,296,2
46,296,2
47,296,2
48,296,2
49,296,2
50,296,2
51,296,2
52,296,2
53,296,2
54,296,2
55,296,2
56,296,2
57,296,2
58,296,2
59,296,2
60,296,2
61,296,2
62,296,2
63,296,2
64,296,2
65,296,2
66,296,2
67,296,2
68,296,2
69,296,2
70,296,2
71,296,2
72,296,2
73,296,2
74,296,2
75,296,2
76,296,2
77,296,2
78,296,2
79,296,2
80,296,2
81,296,2
82,296,2
83,296,2
84,296,2
85,296,2
86,296,2
87,296,2
88,296,2
89,296,2
90,296,2
91,296,2
92,296,2
93,296,2
94,296,2
95,296,2
96,296,2
97,296,2
98,296,2
99,296,2
100,296,2
101,296,2
102,296,2
103,296,2
104,296,2
105,296,2
106,296,2
107,296,2
108,296,2
109,296,2
110,296,2
111,296,2
112,296,2
113,296,2
114,296,2
115,296,2
116,296,2
117,296,2
118,296,2
119,296,2
120,296,2
121,296,2
122,296,2
123,296,2
124,296,2
125,296,2
126,296,2
127,296,2
128,296,2
129,296,2
130,296,2
131,296,2
132,296,2
133,296,2
134,296,2
135,296,2
136,296,2
137,296,2
138,296,2
139,296,2
140,296,2
141,296,2
142,296,2
143,296,2
144,296,2
145,296,2
146,296,2
147,296,2
148,296,2
149,296,2
150,296,2
151,296,2
152,296,2
153,296,2
154,296,2
155,296,2
156,296,2
157,296,2
158,296,2
159,296,2
160,160,1
161,296,2
162,296,2
163,296,2
164,296,2
165,296,2
166,296,2
167,296,2
168,296,2
169,296,2
170,296,2
171,296,2
172,296,2
173,296,2
174,296,2
175,296,2
176,296,2
177,296,2
178,296,2
179,296,2
180,296,2
181,296,2
182,296,2
183,296,2
184,296,2
185,296,2
186,296,2
187,296,2
188,296,2
189,296,2
190,296,2
191,296,2
192,296,2
193,296,2
194,296,2
195,296,2
196,296,2
197,296,2
198,296,2
199,296,2
200,296,2
201,296,2
202,296,2
203,296,2
204,296,2
205,296,2
206,296,2
207,296,2
208,296,2
209,296,2
210,296,2
211,296,2
212,296,2
213,296,2
214,296,2
215,296,2
216,296,2
217,296,2
218,296,2
219,296,2
220,296,2
221,296,2
222,296,2
223,296,2
224,296,2
225,296,2
226,296,2
227,296,2
228,296,2
229,296,2
230,296,2
231,296,2
232,296,2
233,296,2
234,296,2
235,296,2
236,296,2
237,296,2
238,296,2
239,296,2
240,296,2
241,296,2
242,296,2
243,296,2
244,296,2
245,296,2
246,296,2
247,296,2
248,296,2
249,296,2
250,296,2
251,296,2
252,296,2
253,296,2
254,296,2
255,296,2
256,296,2
257,296,2
258,296,2
259,296,2
260,296,2
261,296,2
262,296,2
263,296,2
264,296,2
265,296,2
266,296,2
267,296,2
268,296,2
269,296,2
270,296,2
271,296,2
272,296,2
273,296,2
274,296,2
275,296,2
276,296,2
277,296,2
278,296,2
279,296,2
280,296,2
281,296,2
282,296,2
283,296,2
284,296,2
285,296,2
286,296,2
287,296,2
288,296,2
289,296,2
290,296,2
291,296,2
292,296,2
293,296,2
294,296,2
295,296,2
296,296,2
297,296,2
298,296,2
299,296,2
300,296,2
301,296,2
302,296,2
303,296,2
304,296,2
305,296,2
306,296,2
307,296,2
308,296,2
309,296,2
310,296,2
311,296,2
312,296,2
313,296,2
314,296,2
315,296,2
316,296,2
317,296,2
318,296,2
319,296,2
320,296,2
321,296,2
322,296,2
323,296,2
324,296,2
325,296,2
326,326,3
327,296,2
328,296,2
329,296,2
330,296,2
331,296,2
332,296,2
333,296,2
334,296,2
335,296,2
336,296,2
337,296,2
338,296,2
339,339,4
340,296,2
341,296,2
342,296,2
343,296,2
344,296,2
345,296,2
346,296,2
347,296,2
348,296,2
349,296,2
350,296,2
351,296,2
352,296,2
353,296,2
354,296,2
355,296,2
356,296,2
357,296,2
358,296,2
359,296,2
360,296,2
361,296,2
362,296,2
363,296,2
364,296,2
365,296,2
