Time_Index,cement_input_materials
1,40
2,40
3,40
4,40
5,40
6,40
7,40
8,40
9,40
10,40
11,40
12,40
13,40
14,40
15,40
16,40
17,40
18,40
19,40
20,40
21,40
22,40
23,40
24,40
25,40
26,40
27,40
28,40
29,40
30,40
31,40
32,40
33,40
34,40
35,40
36,40
37,40
38,40
39,40
40,40
41,40
42,40
43,40
44,40
45,40
46,40
47,40
48,40
49,40
50,40
51,40
52,40
53,40
54,40
55,40
56,40
57,40
58,40
59,40
60,40
61,40
62,40
63,40
64,40
65,40
66,40
67,40
68,40
69,40
70,40
71,40
72,40
73,40
74,40
75,40
76,40
77,40
78,40
79,40
80,40
81,40
82,40
83,40
84,40
85,40
86,40
87,40
88,40
89,40
90,40
91,40
92,40
93,40
94,40
95,40
96,40
97,40
98,40
99,40
100,40
101,40
102,40
103,40
104,40
105,40
106,40
107,40
108,40
109,40
110,40
111,40
112,40
113,40
114,40
115,40
116,40
117,40
118,40
119,40
120,40
121,40
122,40
123,40
124,40
125,40
126,40
127,40
128,40
129,40
130,40
131,40
132,40
133,40
134,40
135,40
136,40
137,40
138,40
139,40
140,40
141,40
142,40
143,40
144,40
145,40
146,40
147,40
148,40
149,40
150,40
151,40
152,40
153,40
154,40
155,40
156,40
157,40
158,40
159,40
160,40
161,40
162,40
163,40
164,40
165,40
166,40
167,40
168,40
169,40
170,40
171,40
172,40
173,40
174,40
175,40
176,40
177,40
178,40
179,40
180,40
181,40
182,40
183,40
184,40
185,40
186,40
187,40
188,40
189,40
190,40
191,40
192,40
193,40
194,40
195,40
196,40
197,40
198,40
199,40
200,40
201,40
202,40
203,40
204,40
205,40
206,40
207,40
208,40
209,40
210,40
211,40
212,40
213,40
214,40
215,40
216,40
217,40
218,40
219,40
220,40
221,40
222,40
223,40
224,40
225,40
226,40
227,40
228,40
229,40
230,40
231,40
232,40
233,40
234,40
235,40
236,40
237,40
238,40
239,40
240,40
241,40
242,40
243,40
244,40
245,40
246,40
247,40
248,40
249,40
250,40
251,40
252,40
253,40
254,40
255,40
256,40
257,40
258,40
259,40
260,40
261,40
262,40
263,40
264,40
265,40
266,40
267,40
268,40
269,40
270,40
271,40
272,40
273,40
274,40
275,40
276,40
277,40
278,40
279,40
280,40
281,40
282,40
283,40
284,40
285,40
286,40
287,40
288,40
289,40
290,40
291,40
292,40
293,40
294,40
295,40
296,40
297,40
298,40
299,40
300,40
301,40
302,40
303,40
304,40
305,40
306,40
307,40
308,40
309,40
310,40
311,40
312,40
313,40
314,40
315,40
316,40
317,40
318,40
319,40
320,40
321,40
322,40
323,40
324,40
325,40
326,40
327,40
328,40
329,40
330,40
331,40
332,40
333,40
334,40
335,40
336,40
337,40
338,40
339,40
340,40
341,40
342,40
343,40
344,40
345,40
346,40
347,40
348,40
349,40
350,40
351,40
352,40
353,40
354,40
355,40
356,40
357,40
358,40
359,40
360,40
361,40
362,40
363,40
364,40
365,40
366,40
367,40
368,40
369,40
370,40
371,40
372,40
373,40
374,40
375,40
376,40
377,40
378,40
379,40
380,40
381,40
382,40
383,40
384,40
385,40
386,40
387,40
388,40
389,40
390,40
391,40
392,40
393,40
394,40
395,40
396,40
397,40
398,40
399,40
400,40
401,40
402,40
403,40
404,40
405,40
406,40
407,40
408,40
409,40
410,40
411,40
412,40
413,40
414,40
415,40
416,40
417,40
418,40
419,40
420,40
421,40
422,40
423,40
424,40
425,40
426,40
427,40
428,40
429,40
430,40
431,40
432,40
433,40
434,40
435,40
436,40
437,40
438,40
439,40
440,40
441,40
442,40
443,40
444,40
445,40
446,40
447,40
448,40
449,40
450,40
451,40
452,40
453,40
454,40
455,40
456,40
457,40
458,40
459,40
460,40
461,40
462,40
463,40
464,40
465,40
466,40
467,40
468,40
469,40
470,40
471,40
472,40
473,40
474,40
475,40
476,40
477,40
478,40
479,40
480,40
481,40
482,40
483,40
484,40
485,40
486,40
487,40
488,40
489,40
490,40
491,40
492,40
493,40
494,40
495,40
496,40
497,40
498,40
499,40
500,40
501,40
502,40
503,40
504,40
505,40
506,40
507,40
508,40
509,40
510,40
511,40
512,40
513,40
514,40
515,40
516,40
517,40
518,40
519,40
520,40
521,40
522,40
523,40
524,40
525,40
526,40
527,40
528,40
529,40
530,40
531,40
532,40
533,40
534,40
535,40
536,40
537,40
538,40
539,40
540,40
541,40
542,40
543,40
544,40
545,40
546,40
547,40
548,40
549,40
550,40
551,40
552,40
553,40
554,40
555,40
556,40
557,40
558,40
559,40
560,40
561,40
562,40
563,40
564,40
565,40
566,40
567,40
568,40
569,40
570,40
571,40
572,40
573,40
574,40
575,40
576,40
577,40
578,40
579,40
580,40
581,40
582,40
583,40
584,40
585,40
586,40
587,40
588,40
589,40
590,40
591,40
592,40
593,40
594,40
595,40
596,40
597,40
598,40
599,40
600,40
601,40
602,40
603,40
604,40
605,40
606,40
607,40
608,40
609,40
610,40
611,40
612,40
613,40
614,40
615,40
616,40
617,40
618,40
619,40
620,40
621,40
622,40
623,40
624,40
625,40
626,40
627,40
628,40
629,40
630,40
631,40
632,40
633,40
634,40
635,40
636,40
637,40
638,40
639,40
640,40
641,40
642,40
643,40
644,40
645,40
646,40
647,40
648,40
649,40
650,40
651,40
652,40
653,40
654,40
655,40
656,40
657,40
658,40
659,40
660,40
661,40
662,40
663,40
664,40
665,40
666,40
667,40
668,40
669,40
670,40
671,40
672,40
673,40
674,40
675,40
676,40
677,40
678,40
679,40
680,40
681,40
682,40
683,40
684,40
685,40
686,40
687,40
688,40
689,40
690,40
691,40
692,40
693,40
694,40
695,40
696,40
697,40
698,40
699,40
700,40
701,40
702,40
703,40
704,40
705,40
706,40
707,40
708,40
709,40
710,40
711,40
712,40
713,40
714,40
715,40
716,40
717,40
718,40
719,40
720,40
721,40
722,40
723,40
724,40
725,40
726,40
727,40
728,40
729,40
730,40
731,40
732,40
733,40
734,40
735,40
736,40
737,40
738,40
739,40
740,40
741,40
742,40
743,40
744,40
745,40
746,40
747,40
748,40
749,40
750,40
751,40
752,40
753,40
754,40
755,40
756,40
757,40
758,40
759,40
760,40
761,40
762,40
763,40
764,40
765,40
766,40
767,40
768,40
769,40
770,40
771,40
772,40
773,40
774,40
775,40
776,40
777,40
778,40
779,40
780,40
781,40
782,40
783,40
784,40
785,40
786,40
787,40
788,40
789,40
790,40
791,40
792,40
793,40
794,40
795,40
796,40
797,40
798,40
799,40
800,40
801,40
802,40
803,40
804,40
805,40
806,40
807,40
808,40
809,40
810,40
811,40
812,40
813,40
814,40
815,40
816,40
817,40
818,40
819,40
820,40
821,40
822,40
823,40
824,40
825,40
826,40
827,40
828,40
829,40
830,40
831,40
832,40
833,40
834,40
835,40
836,40
837,40
838,40
839,40
840,40
841,40
842,40
843,40
844,40
845,40
846,40
847,40
848,40
849,40
850,40
851,40
852,40
853,40
854,40
855,40
856,40
857,40
858,40
859,40
860,40
861,40
862,40
863,40
864,40
865,40
866,40
867,40
868,40
869,40
870,40
871,40
872,40
873,40
874,40
875,40
876,40
877,40
878,40
879,40
880,40
881,40
882,40
883,40
884,40
885,40
886,40
887,40
888,40
889,40
890,40
891,40
892,40
893,40
894,40
895,40
896,40
897,40
898,40
899,40
900,40
901,40
902,40
903,40
904,40
905,40
906,40
907,40
908,40
909,40
910,40
911,40
912,40
913,40
914,40
915,40
916,40
917,40
918,40
919,40
920,40
921,40
922,40
923,40
924,40
925,40
926,40
927,40
928,40
929,40
930,40
931,40
932,40
933,40
934,40
935,40
936,40
937,40
938,40
939,40
940,40
941,40
942,40
943,40
944,40
945,40
946,40
947,40
948,40
949,40
950,40
951,40
952,40
953,40
954,40
955,40
956,40
957,40
958,40
959,40
960,40
961,40
962,40
963,40
964,40
965,40
966,40
967,40
968,40
969,40
970,40
971,40
972,40
973,40
974,40
975,40
976,40
977,40
978,40
979,40
980,40
981,40
982,40
983,40
984,40
985,40
986,40
987,40
988,40
989,40
990,40
991,40
992,40
993,40
994,40
995,40
996,40
997,40
998,40
999,40
1000,40
1001,40
1002,40
1003,40
1004,40
1005,40
1006,40
1007,40
1008,40
1009,40
1010,40
1011,40
1012,40
1013,40
1014,40
1015,40
1016,40
1017,40
1018,40
1019,40
1020,40
1021,40
1022,40
1023,40
1024,40
1025,40
1026,40
1027,40
1028,40
1029,40
1030,40
1031,40
1032,40
1033,40
1034,40
1035,40
1036,40
1037,40
1038,40
1039,40
1040,40
1041,40
1042,40
1043,40
1044,40
1045,40
1046,40
1047,40
1048,40
1049,40
1050,40
1051,40
1052,40
1053,40
1054,40
1055,40
1056,40
1057,40
1058,40
1059,40
1060,40
1061,40
1062,40
1063,40
1064,40
1065,40
1066,40
1067,40
1068,40
1069,40
1070,40
1071,40
1072,40
1073,40
1074,40
1075,40
1076,40
1077,40
1078,40
1079,40
1080,40
1081,40
1082,40
1083,40
1084,40
1085,40
1086,40
1087,40
1088,40
1089,40
1090,40
1091,40
1092,40
1093,40
1094,40
1095,40
1096,40
1097,40
1098,40
1099,40
1100,40
1101,40
1102,40
1103,40
1104,40
1105,40
1106,40
1107,40
1108,40
1109,40
1110,40
1111,40
1112,40
1113,40
1114,40
1115,40
1116,40
1117,40
1118,40
1119,40
1120,40
1121,40
1122,40
1123,40
1124,40
1125,40
1126,40
1127,40
1128,40
1129,40
1130,40
1131,40
1132,40
1133,40
1134,40
1135,40
1136,40
1137,40
1138,40
1139,40
1140,40
1141,40
1142,40
1143,40
1144,40
1145,40
1146,40
1147,40
1148,40
1149,40
1150,40
1151,40
1152,40
1153,40
1154,40
1155,40
1156,40
1157,40
1158,40
1159,40
1160,40
1161,40
1162,40
1163,40
1164,40
1165,40
1166,40
1167,40
1168,40
1169,40
1170,40
1171,40
1172,40
1173,40
1174,40
1175,40
1176,40
1177,40
1178,40
1179,40
1180,40
1181,40
1182,40
1183,40
1184,40
1185,40
1186,40
1187,40
1188,40
1189,40
1190,40
1191,40
1192,40
1193,40
1194,40
1195,40
1196,40
1197,40
1198,40
1199,40
1200,40
1201,40
1202,40
1203,40
1204,40
1205,40
1206,40
1207,40
1208,40
1209,40
1210,40
1211,40
1212,40
1213,40
1214,40
1215,40
1216,40
1217,40
1218,40
1219,40
1220,40
1221,40
1222,40
1223,40
1224,40
1225,40
1226,40
1227,40
1228,40
1229,40
1230,40
1231,40
1232,40
1233,40
1234,40
1235,40
1236,40
1237,40
1238,40
1239,40
1240,40
1241,40
1242,40
1243,40
1244,40
1245,40
1246,40
1247,40
1248,40
1249,40
1250,40
1251,40
1252,40
1253,40
1254,40
1255,40
1256,40
1257,40
1258,40
1259,40
1260,40
1261,40
1262,40
1263,40
1264,40
1265,40
1266,40
1267,40
1268,40
1269,40
1270,40
1271,40
1272,40
1273,40
1274,40
1275,40
1276,40
1277,40
1278,40
1279,40
1280,40
1281,40
1282,40
1283,40
1284,40
1285,40
1286,40
1287,40
1288,40
1289,40
1290,40
1291,40
1292,40
1293,40
1294,40
1295,40
1296,40
1297,40
1298,40
1299,40
1300,40
1301,40
1302,40
1303,40
1304,40
1305,40
1306,40
1307,40
1308,40
1309,40
1310,40
1311,40
1312,40
1313,40
1314,40
1315,40
1316,40
1317,40
1318,40
1319,40
1320,40
1321,40
1322,40
1323,40
1324,40
1325,40
1326,40
1327,40
1328,40
1329,40
1330,40
1331,40
1332,40
1333,40
1334,40
1335,40
1336,40
1337,40
1338,40
1339,40
1340,40
1341,40
1342,40
1343,40
1344,40
1345,40
1346,40
1347,40
1348,40
1349,40
1350,40
1351,40
1352,40
1353,40
1354,40
1355,40
1356,40
1357,40
1358,40
1359,40
1360,40
1361,40
1362,40
1363,40
1364,40
1365,40
1366,40
1367,40
1368,40
1369,40
1370,40
1371,40
1372,40
1373,40
1374,40
1375,40
1376,40
1377,40
1378,40
1379,40
1380,40
1381,40
1382,40
1383,40
1384,40
1385,40
1386,40
1387,40
1388,40
1389,40
1390,40
1391,40
1392,40
1393,40
1394,40
1395,40
1396,40
1397,40
1398,40
1399,40
1400,40
1401,40
1402,40
1403,40
1404,40
1405,40
1406,40
1407,40
1408,40
1409,40
1410,40
1411,40
1412,40
1413,40
1414,40
1415,40
1416,40
1417,40
1418,40
1419,40
1420,40
1421,40
1422,40
1423,40
1424,40
1425,40
1426,40
1427,40
1428,40
1429,40
1430,40
1431,40
1432,40
1433,40
1434,40
1435,40
1436,40
1437,40
1438,40
1439,40
1440,40
1441,40
1442,40
1443,40
1444,40
1445,40
1446,40
1447,40
1448,40
1449,40
1450,40
1451,40
1452,40
1453,40
1454,40
1455,40
1456,40
1457,40
1458,40
1459,40
1460,40
1461,40
1462,40
1463,40
1464,40
1465,40
1466,40
1467,40
1468,40
1469,40
1470,40
1471,40
1472,40
1473,40
1474,40
1475,40
1476,40
1477,40
1478,40
1479,40
1480,40
1481,40
1482,40
1483,40
1484,40
1485,40
1486,40
1487,40
1488,40
1489,40
1490,40
1491,40
1492,40
1493,40
1494,40
1495,40
1496,40
1497,40
1498,40
1499,40
1500,40
1501,40
1502,40
1503,40
1504,40
1505,40
1506,40
1507,40
1508,40
1509,40
1510,40
1511,40
1512,40
1513,40
1514,40
1515,40
1516,40
1517,40
1518,40
1519,40
1520,40
1521,40
1522,40
1523,40
1524,40
1525,40
1526,40
1527,40
1528,40
1529,40
1530,40
1531,40
1532,40
1533,40
1534,40
1535,40
1536,40
1537,40
1538,40
1539,40
1540,40
1541,40
1542,40
1543,40
1544,40
1545,40
1546,40
1547,40
1548,40
1549,40
1550,40
1551,40
1552,40
1553,40
1554,40
1555,40
1556,40
1557,40
1558,40
1559,40
1560,40
1561,40
1562,40
1563,40
1564,40
1565,40
1566,40
1567,40
1568,40
1569,40
1570,40
1571,40
1572,40
1573,40
1574,40
1575,40
1576,40
1577,40
1578,40
1579,40
1580,40
1581,40
1582,40
1583,40
1584,40
1585,40
1586,40
1587,40
1588,40
1589,40
1590,40
1591,40
1592,40
1593,40
1594,40
1595,40
1596,40
1597,40
1598,40
1599,40
1600,40
1601,40
1602,40
1603,40
1604,40
1605,40
1606,40
1607,40
1608,40
1609,40
1610,40
1611,40
1612,40
1613,40
1614,40
1615,40
1616,40
1617,40
1618,40
1619,40
1620,40
1621,40
1622,40
1623,40
1624,40
1625,40
1626,40
1627,40
1628,40
1629,40
1630,40
1631,40
1632,40
1633,40
1634,40
1635,40
1636,40
1637,40
1638,40
1639,40
1640,40
1641,40
1642,40
1643,40
1644,40
1645,40
1646,40
1647,40
1648,40
1649,40
1650,40
1651,40
1652,40
1653,40
1654,40
1655,40
1656,40
1657,40
1658,40
1659,40
1660,40
1661,40
1662,40
1663,40
1664,40
1665,40
1666,40
1667,40
1668,40
1669,40
1670,40
1671,40
1672,40
1673,40
1674,40
1675,40
1676,40
1677,40
1678,40
1679,40
1680,40
1681,40
1682,40
1683,40
1684,40
1685,40
1686,40
1687,40
1688,40
1689,40
1690,40
1691,40
1692,40
1693,40
1694,40
1695,40
1696,40
1697,40
1698,40
1699,40
1700,40
1701,40
1702,40
1703,40
1704,40
1705,40
1706,40
1707,40
1708,40
1709,40
1710,40
1711,40
1712,40
1713,40
1714,40
1715,40
1716,40
1717,40
1718,40
1719,40
1720,40
1721,40
1722,40
1723,40
1724,40
1725,40
1726,40
1727,40
1728,40
1729,40
1730,40
1731,40
1732,40
1733,40
1734,40
1735,40
1736,40
1737,40
1738,40
1739,40
1740,40
1741,40
1742,40
1743,40
1744,40
1745,40
1746,40
1747,40
1748,40
1749,40
1750,40
1751,40
1752,40
1753,40
1754,40
1755,40
1756,40
1757,40
1758,40
1759,40
1760,40
1761,40
1762,40
1763,40
1764,40
1765,40
1766,40
1767,40
1768,40
1769,40
1770,40
1771,40
1772,40
1773,40
1774,40
1775,40
1776,40
1777,40
1778,40
1779,40
1780,40
1781,40
1782,40
1783,40
1784,40
1785,40
1786,40
1787,40
1788,40
1789,40
1790,40
1791,40
1792,40
1793,40
1794,40
1795,40
1796,40
1797,40
1798,40
1799,40
1800,40
1801,40
1802,40
1803,40
1804,40
1805,40
1806,40
1807,40
1808,40
1809,40
1810,40
1811,40
1812,40
1813,40
1814,40
1815,40
1816,40
1817,40
1818,40
1819,40
1820,40
1821,40
1822,40
1823,40
1824,40
1825,40
1826,40
1827,40
1828,40
1829,40
1830,40
1831,40
1832,40
1833,40
1834,40
1835,40
1836,40
1837,40
1838,40
1839,40
1840,40
1841,40
1842,40
1843,40
1844,40
1845,40
1846,40
1847,40
1848,40
1849,40
1850,40
1851,40
1852,40
1853,40
1854,40
1855,40
1856,40
1857,40
1858,40
1859,40
1860,40
1861,40
1862,40
1863,40
1864,40
1865,40
1866,40
1867,40
1868,40
1869,40
1870,40
1871,40
1872,40
1873,40
1874,40
1875,40
1876,40
1877,40
1878,40
1879,40
1880,40
1881,40
1882,40
1883,40
1884,40
1885,40
1886,40
1887,40
1888,40
1889,40
1890,40
1891,40
1892,40
1893,40
1894,40
1895,40
1896,40
1897,40
1898,40
1899,40
1900,40
1901,40
1902,40
1903,40
1904,40
1905,40
1906,40
1907,40
1908,40
1909,40
1910,40
1911,40
1912,40
1913,40
1914,40
1915,40
1916,40
1917,40
1918,40
1919,40
1920,40
1921,40
1922,40
1923,40
1924,40
1925,40
1926,40
1927,40
1928,40
1929,40
1930,40
1931,40
1932,40
1933,40
1934,40
1935,40
1936,40
1937,40
1938,40
1939,40
1940,40
1941,40
1942,40
1943,40
1944,40
1945,40
1946,40
1947,40
1948,40
1949,40
1950,40
1951,40
1952,40
1953,40
1954,40
1955,40
1956,40
1957,40
1958,40
1959,40
1960,40
1961,40
1962,40
1963,40
1964,40
1965,40
1966,40
1967,40
1968,40
1969,40
1970,40
1971,40
1972,40
1973,40
1974,40
1975,40
1976,40
1977,40
1978,40
1979,40
1980,40
1981,40
1982,40
1983,40
1984,40
1985,40
1986,40
1987,40
1988,40
1989,40
1990,40
1991,40
1992,40
1993,40
1994,40
1995,40
1996,40
1997,40
1998,40
1999,40
2000,40
2001,40
2002,40
2003,40
2004,40
2005,40
2006,40
2007,40
2008,40
2009,40
2010,40
2011,40
2012,40
2013,40
2014,40
2015,40
2016,40
2017,40
2018,40
2019,40
2020,40
2021,40
2022,40
2023,40
2024,40
2025,40
2026,40
2027,40
2028,40
2029,40
2030,40
2031,40
2032,40
2033,40
2034,40
2035,40
2036,40
2037,40
2038,40
2039,40
2040,40
2041,40
2042,40
2043,40
2044,40
2045,40
2046,40
2047,40
2048,40
2049,40
2050,40
2051,40
2052,40
2053,40
2054,40
2055,40
2056,40
2057,40
2058,40
2059,40
2060,40
2061,40
2062,40
2063,40
2064,40
2065,40
2066,40
2067,40
2068,40
2069,40
2070,40
2071,40
2072,40
2073,40
2074,40
2075,40
2076,40
2077,40
2078,40
2079,40
2080,40
2081,40
2082,40
2083,40
2084,40
2085,40
2086,40
2087,40
2088,40
2089,40
2090,40
2091,40
2092,40
2093,40
2094,40
2095,40
2096,40
2097,40
2098,40
2099,40
2100,40
2101,40
2102,40
2103,40
2104,40
2105,40
2106,40
2107,40
2108,40
2109,40
2110,40
2111,40
2112,40
2113,40
2114,40
2115,40
2116,40
2117,40
2118,40
2119,40
2120,40
2121,40
2122,40
2123,40
2124,40
2125,40
2126,40
2127,40
2128,40
2129,40
2130,40
2131,40
2132,40
2133,40
2134,40
2135,40
2136,40
2137,40
2138,40
2139,40
2140,40
2141,40
2142,40
2143,40
2144,40
2145,40
2146,40
2147,40
2148,40
2149,40
2150,40
2151,40
2152,40
2153,40
2154,40
2155,40
2156,40
2157,40
2158,40
2159,40
2160,40
2161,40
2162,40
2163,40
2164,40
2165,40
2166,40
2167,40
2168,40
2169,40
2170,40
2171,40
2172,40
2173,40
2174,40
2175,40
2176,40
2177,40
2178,40
2179,40
2180,40
2181,40
2182,40
2183,40
2184,40
2185,40
2186,40
2187,40
2188,40
2189,40
2190,40
2191,40
2192,40
2193,40
2194,40
2195,40
2196,40
2197,40
2198,40
2199,40
2200,40
2201,40
2202,40
2203,40
2204,40
2205,40
2206,40
2207,40
2208,40
2209,40
2210,40
2211,40
2212,40
2213,40
2214,40
2215,40
2216,40
2217,40
2218,40
2219,40
2220,40
2221,40
2222,40
2223,40
2224,40
2225,40
2226,40
2227,40
2228,40
2229,40
2230,40
2231,40
2232,40
2233,40
2234,40
2235,40
2236,40
2237,40
2238,40
2239,40
2240,40
2241,40
2242,40
2243,40
2244,40
2245,40
2246,40
2247,40
2248,40
2249,40
2250,40
2251,40
2252,40
2253,40
2254,40
2255,40
2256,40
2257,40
2258,40
2259,40
2260,40
2261,40
2262,40
2263,40
2264,40
2265,40
2266,40
2267,40
2268,40
2269,40
2270,40
2271,40
2272,40
2273,40
2274,40
2275,40
2276,40
2277,40
2278,40
2279,40
2280,40
2281,40
2282,40
2283,40
2284,40
2285,40
2286,40
2287,40
2288,40
2289,40
2290,40
2291,40
2292,40
2293,40
2294,40
2295,40
2296,40
2297,40
2298,40
2299,40
2300,40
2301,40
2302,40
2303,40
2304,40
2305,40
2306,40
2307,40
2308,40
2309,40
2310,40
2311,40
2312,40
2313,40
2314,40
2315,40
2316,40
2317,40
2318,40
2319,40
2320,40
2321,40
2322,40
2323,40
2324,40
2325,40
2326,40
2327,40
2328,40
2329,40
2330,40
2331,40
2332,40
2333,40
2334,40
2335,40
2336,40
2337,40
2338,40
2339,40
2340,40
2341,40
2342,40
2343,40
2344,40
2345,40
2346,40
2347,40
2348,40
2349,40
2350,40
2351,40
2352,40
2353,40
2354,40
2355,40
2356,40
2357,40
2358,40
2359,40
2360,40
2361,40
2362,40
2363,40
2364,40
2365,40
2366,40
2367,40
2368,40
2369,40
2370,40
2371,40
2372,40
2373,40
2374,40
2375,40
2376,40
2377,40
2378,40
2379,40
2380,40
2381,40
2382,40
2383,40
2384,40
2385,40
2386,40
2387,40
2388,40
2389,40
2390,40
2391,40
2392,40
2393,40
2394,40
2395,40
2396,40
2397,40
2398,40
2399,40
2400,40
2401,40
2402,40
2403,40
2404,40
2405,40
2406,40
2407,40
2408,40
2409,40
2410,40
2411,40
2412,40
2413,40
2414,40
2415,40
2416,40
2417,40
2418,40
2419,40
2420,40
2421,40
2422,40
2423,40
2424,40
2425,40
2426,40
2427,40
2428,40
2429,40
2430,40
2431,40
2432,40
2433,40
2434,40
2435,40
2436,40
2437,40
2438,40
2439,40
2440,40
2441,40
2442,40
2443,40
2444,40
2445,40
2446,40
2447,40
2448,40
2449,40
2450,40
2451,40
2452,40
2453,40
2454,40
2455,40
2456,40
2457,40
2458,40
2459,40
2460,40
2461,40
2462,40
2463,40
2464,40
2465,40
2466,40
2467,40
2468,40
2469,40
2470,40
2471,40
2472,40
2473,40
2474,40
2475,40
2476,40
2477,40
2478,40
2479,40
2480,40
2481,40
2482,40
2483,40
2484,40
2485,40
2486,40
2487,40
2488,40
2489,40
2490,40
2491,40
2492,40
2493,40
2494,40
2495,40
2496,40
2497,40
2498,40
2499,40
2500,40
2501,40
2502,40
2503,40
2504,40
2505,40
2506,40
2507,40
2508,40
2509,40
2510,40
2511,40
2512,40
2513,40
2514,40
2515,40
2516,40
2517,40
2518,40
2519,40
2520,40
2521,40
2522,40
2523,40
2524,40
2525,40
2526,40
2527,40
2528,40
2529,40
2530,40
2531,40
2532,40
2533,40
2534,40
2535,40
2536,40
2537,40
2538,40
2539,40
2540,40
2541,40
2542,40
2543,40
2544,40
2545,40
2546,40
2547,40
2548,40
2549,40
2550,40
2551,40
2552,40
2553,40
2554,40
2555,40
2556,40
2557,40
2558,40
2559,40
2560,40
2561,40
2562,40
2563,40
2564,40
2565,40
2566,40
2567,40
2568,40
2569,40
2570,40
2571,40
2572,40
2573,40
2574,40
2575,40
2576,40
2577,40
2578,40
2579,40
2580,40
2581,40
2582,40
2583,40
2584,40
2585,40
2586,40
2587,40
2588,40
2589,40
2590,40
2591,40
2592,40
2593,40
2594,40
2595,40
2596,40
2597,40
2598,40
2599,40
2600,40
2601,40
2602,40
2603,40
2604,40
2605,40
2606,40
2607,40
2608,40
2609,40
2610,40
2611,40
2612,40
2613,40
2614,40
2615,40
2616,40
2617,40
2618,40
2619,40
2620,40
2621,40
2622,40
2623,40
2624,40
2625,40
2626,40
2627,40
2628,40
2629,40
2630,40
2631,40
2632,40
2633,40
2634,40
2635,40
2636,40
2637,40
2638,40
2639,40
2640,40
2641,40
2642,40
2643,40
2644,40
2645,40
2646,40
2647,40
2648,40
2649,40
2650,40
2651,40
2652,40
2653,40
2654,40
2655,40
2656,40
2657,40
2658,40
2659,40
2660,40
2661,40
2662,40
2663,40
2664,40
2665,40
2666,40
2667,40
2668,40
2669,40
2670,40
2671,40
2672,40
2673,40
2674,40
2675,40
2676,40
2677,40
2678,40
2679,40
2680,40
2681,40
2682,40
2683,40
2684,40
2685,40
2686,40
2687,40
2688,40
2689,40
2690,40
2691,40
2692,40
2693,40
2694,40
2695,40
2696,40
2697,40
2698,40
2699,40
2700,40
2701,40
2702,40
2703,40
2704,40
2705,40
2706,40
2707,40
2708,40
2709,40
2710,40
2711,40
2712,40
2713,40
2714,40
2715,40
2716,40
2717,40
2718,40
2719,40
2720,40
2721,40
2722,40
2723,40
2724,40
2725,40
2726,40
2727,40
2728,40
2729,40
2730,40
2731,40
2732,40
2733,40
2734,40
2735,40
2736,40
2737,40
2738,40
2739,40
2740,40
2741,40
2742,40
2743,40
2744,40
2745,40
2746,40
2747,40
2748,40
2749,40
2750,40
2751,40
2752,40
2753,40
2754,40
2755,40
2756,40
2757,40
2758,40
2759,40
2760,40
2761,40
2762,40
2763,40
2764,40
2765,40
2766,40
2767,40
2768,40
2769,40
2770,40
2771,40
2772,40
2773,40
2774,40
2775,40
2776,40
2777,40
2778,40
2779,40
2780,40
2781,40
2782,40
2783,40
2784,40
2785,40
2786,40
2787,40
2788,40
2789,40
2790,40
2791,40
2792,40
2793,40
2794,40
2795,40
2796,40
2797,40
2798,40
2799,40
2800,40
2801,40
2802,40
2803,40
2804,40
2805,40
2806,40
2807,40
2808,40
2809,40
2810,40
2811,40
2812,40
2813,40
2814,40
2815,40
2816,40
2817,40
2818,40
2819,40
2820,40
2821,40
2822,40
2823,40
2824,40
2825,40
2826,40
2827,40
2828,40
2829,40
2830,40
2831,40
2832,40
2833,40
2834,40
2835,40
2836,40
2837,40
2838,40
2839,40
2840,40
2841,40
2842,40
2843,40
2844,40
2845,40
2846,40
2847,40
2848,40
2849,40
2850,40
2851,40
2852,40
2853,40
2854,40
2855,40
2856,40
2857,40
2858,40
2859,40
2860,40
2861,40
2862,40
2863,40
2864,40
2865,40
2866,40
2867,40
2868,40
2869,40
2870,40
2871,40
2872,40
2873,40
2874,40
2875,40
2876,40
2877,40
2878,40
2879,40
2880,40
2881,40
2882,40
2883,40
2884,40
2885,40
2886,40
2887,40
2888,40
2889,40
2890,40
2891,40
2892,40
2893,40
2894,40
2895,40
2896,40
2897,40
2898,40
2899,40
2900,40
2901,40
2902,40
2903,40
2904,40
2905,40
2906,40
2907,40
2908,40
2909,40
2910,40
2911,40
2912,40
2913,40
2914,40
2915,40
2916,40
2917,40
2918,40
2919,40
2920,40
2921,40
2922,40
2923,40
2924,40
2925,40
2926,40
2927,40
2928,40
2929,40
2930,40
2931,40
2932,40
2933,40
2934,40
2935,40
2936,40
2937,40
2938,40
2939,40
2940,40
2941,40
2942,40
2943,40
2944,40
2945,40
2946,40
2947,40
2948,40
2949,40
2950,40
2951,40
2952,40
2953,40
2954,40
2955,40
2956,40
2957,40
2958,40
2959,40
2960,40
2961,40
2962,40
2963,40
2964,40
2965,40
2966,40
2967,40
2968,40
2969,40
2970,40
2971,40
2972,40
2973,40
2974,40
2975,40
2976,40
2977,40
2978,40
2979,40
2980,40
2981,40
2982,40
2983,40
2984,40
2985,40
2986,40
2987,40
2988,40
2989,40
2990,40
2991,40
2992,40
2993,40
2994,40
2995,40
2996,40
2997,40
2998,40
2999,40
3000,40
3001,40
3002,40
3003,40
3004,40
3005,40
3006,40
3007,40
3008,40
3009,40
3010,40
3011,40
3012,40
3013,40
3014,40
3015,40
3016,40
3017,40
3018,40
3019,40
3020,40
3021,40
3022,40
3023,40
3024,40
3025,40
3026,40
3027,40
3028,40
3029,40
3030,40
3031,40
3032,40
3033,40
3034,40
3035,40
3036,40
3037,40
3038,40
3039,40
3040,40
3041,40
3042,40
3043,40
3044,40
3045,40
3046,40
3047,40
3048,40
3049,40
3050,40
3051,40
3052,40
3053,40
3054,40
3055,40
3056,40
3057,40
3058,40
3059,40
3060,40
3061,40
3062,40
3063,40
3064,40
3065,40
3066,40
3067,40
3068,40
3069,40
3070,40
3071,40
3072,40
3073,40
3074,40
3075,40
3076,40
3077,40
3078,40
3079,40
3080,40
3081,40
3082,40
3083,40
3084,40
3085,40
3086,40
3087,40
3088,40
3089,40
3090,40
3091,40
3092,40
3093,40
3094,40
3095,40
3096,40
3097,40
3098,40
3099,40
3100,40
3101,40
3102,40
3103,40
3104,40
3105,40
3106,40
3107,40
3108,40
3109,40
3110,40
3111,40
3112,40
3113,40
3114,40
3115,40
3116,40
3117,40
3118,40
3119,40
3120,40
3121,40
3122,40
3123,40
3124,40
3125,40
3126,40
3127,40
3128,40
3129,40
3130,40
3131,40
3132,40
3133,40
3134,40
3135,40
3136,40
3137,40
3138,40
3139,40
3140,40
3141,40
3142,40
3143,40
3144,40
3145,40
3146,40
3147,40
3148,40
3149,40
3150,40
3151,40
3152,40
3153,40
3154,40
3155,40
3156,40
3157,40
3158,40
3159,40
3160,40
3161,40
3162,40
3163,40
3164,40
3165,40
3166,40
3167,40
3168,40
3169,40
3170,40
3171,40
3172,40
3173,40
3174,40
3175,40
3176,40
3177,40
3178,40
3179,40
3180,40
3181,40
3182,40
3183,40
3184,40
3185,40
3186,40
3187,40
3188,40
3189,40
3190,40
3191,40
3192,40
3193,40
3194,40
3195,40
3196,40
3197,40
3198,40
3199,40
3200,40
3201,40
3202,40
3203,40
3204,40
3205,40
3206,40
3207,40
3208,40
3209,40
3210,40
3211,40
3212,40
3213,40
3214,40
3215,40
3216,40
3217,40
3218,40
3219,40
3220,40
3221,40
3222,40
3223,40
3224,40
3225,40
3226,40
3227,40
3228,40
3229,40
3230,40
3231,40
3232,40
3233,40
3234,40
3235,40
3236,40
3237,40
3238,40
3239,40
3240,40
3241,40
3242,40
3243,40
3244,40
3245,40
3246,40
3247,40
3248,40
3249,40
3250,40
3251,40
3252,40
3253,40
3254,40
3255,40
3256,40
3257,40
3258,40
3259,40
3260,40
3261,40
3262,40
3263,40
3264,40
3265,40
3266,40
3267,40
3268,40
3269,40
3270,40
3271,40
3272,40
3273,40
3274,40
3275,40
3276,40
3277,40
3278,40
3279,40
3280,40
3281,40
3282,40
3283,40
3284,40
3285,40
3286,40
3287,40
3288,40
3289,40
3290,40
3291,40
3292,40
3293,40
3294,40
3295,40
3296,40
3297,40
3298,40
3299,40
3300,40
3301,40
3302,40
3303,40
3304,40
3305,40
3306,40
3307,40
3308,40
3309,40
3310,40
3311,40
3312,40
3313,40
3314,40
3315,40
3316,40
3317,40
3318,40
3319,40
3320,40
3321,40
3322,40
3323,40
3324,40
3325,40
3326,40
3327,40
3328,40
3329,40
3330,40
3331,40
3332,40
3333,40
3334,40
3335,40
3336,40
3337,40
3338,40
3339,40
3340,40
3341,40
3342,40
3343,40
3344,40
3345,40
3346,40
3347,40
3348,40
3349,40
3350,40
3351,40
3352,40
3353,40
3354,40
3355,40
3356,40
3357,40
3358,40
3359,40
3360,40
3361,40
3362,40
3363,40
3364,40
3365,40
3366,40
3367,40
3368,40
3369,40
3370,40
3371,40
3372,40
3373,40
3374,40
3375,40
3376,40
3377,40
3378,40
3379,40
3380,40
3381,40
3382,40
3383,40
3384,40
3385,40
3386,40
3387,40
3388,40
3389,40
3390,40
3391,40
3392,40
3393,40
3394,40
3395,40
3396,40
3397,40
3398,40
3399,40
3400,40
3401,40
3402,40
3403,40
3404,40
3405,40
3406,40
3407,40
3408,40
3409,40
3410,40
3411,40
3412,40
3413,40
3414,40
3415,40
3416,40
3417,40
3418,40
3419,40
3420,40
3421,40
3422,40
3423,40
3424,40
3425,40
3426,40
3427,40
3428,40
3429,40
3430,40
3431,40
3432,40
3433,40
3434,40
3435,40
3436,40
3437,40
3438,40
3439,40
3440,40
3441,40
3442,40
3443,40
3444,40
3445,40
3446,40
3447,40
3448,40
3449,40
3450,40
3451,40
3452,40
3453,40
3454,40
3455,40
3456,40
3457,40
3458,40
3459,40
3460,40
3461,40
3462,40
3463,40
3464,40
3465,40
3466,40
3467,40
3468,40
3469,40
3470,40
3471,40
3472,40
3473,40
3474,40
3475,40
3476,40
3477,40
3478,40
3479,40
3480,40
3481,40
3482,40
3483,40
3484,40
3485,40
3486,40
3487,40
3488,40
3489,40
3490,40
3491,40
3492,40
3493,40
3494,40
3495,40
3496,40
3497,40
3498,40
3499,40
3500,40
3501,40
3502,40
3503,40
3504,40
3505,40
3506,40
3507,40
3508,40
3509,40
3510,40
3511,40
3512,40
3513,40
3514,40
3515,40
3516,40
3517,40
3518,40
3519,40
3520,40
3521,40
3522,40
3523,40
3524,40
3525,40
3526,40
3527,40
3528,40
3529,40
3530,40
3531,40
3532,40
3533,40
3534,40
3535,40
3536,40
3537,40
3538,40
3539,40
3540,40
3541,40
3542,40
3543,40
3544,40
3545,40
3546,40
3547,40
3548,40
3549,40
3550,40
3551,40
3552,40
3553,40
3554,40
3555,40
3556,40
3557,40
3558,40
3559,40
3560,40
3561,40
3562,40
3563,40
3564,40
3565,40
3566,40
3567,40
3568,40
3569,40
3570,40
3571,40
3572,40
3573,40
3574,40
3575,40
3576,40
3577,40
3578,40
3579,40
3580,40
3581,40
3582,40
3583,40
3584,40
3585,40
3586,40
3587,40
3588,40
3589,40
3590,40
3591,40
3592,40
3593,40
3594,40
3595,40
3596,40
3597,40
3598,40
3599,40
3600,40
3601,40
3602,40
3603,40
3604,40
3605,40
3606,40
3607,40
3608,40
3609,40
3610,40
3611,40
3612,40
3613,40
3614,40
3615,40
3616,40
3617,40
3618,40
3619,40
3620,40
3621,40
3622,40
3623,40
3624,40
3625,40
3626,40
3627,40
3628,40
3629,40
3630,40
3631,40
3632,40
3633,40
3634,40
3635,40
3636,40
3637,40
3638,40
3639,40
3640,40
3641,40
3642,40
3643,40
3644,40
3645,40
3646,40
3647,40
3648,40
3649,40
3650,40
3651,40
3652,40
3653,40
3654,40
3655,40
3656,40
3657,40
3658,40
3659,40
3660,40
3661,40
3662,40
3663,40
3664,40
3665,40
3666,40
3667,40
3668,40
3669,40
3670,40
3671,40
3672,40
3673,40
3674,40
3675,40
3676,40
3677,40
3678,40
3679,40
3680,40
3681,40
3682,40
3683,40
3684,40
3685,40
3686,40
3687,40
3688,40
3689,40
3690,40
3691,40
3692,40
3693,40
3694,40
3695,40
3696,40
3697,40
3698,40
3699,40
3700,40
3701,40
3702,40
3703,40
3704,40
3705,40
3706,40
3707,40
3708,40
3709,40
3710,40
3711,40
3712,40
3713,40
3714,40
3715,40
3716,40
3717,40
3718,40
3719,40
3720,40
3721,40
3722,40
3723,40
3724,40
3725,40
3726,40
3727,40
3728,40
3729,40
3730,40
3731,40
3732,40
3733,40
3734,40
3735,40
3736,40
3737,40
3738,40
3739,40
3740,40
3741,40
3742,40
3743,40
3744,40
3745,40
3746,40
3747,40
3748,40
3749,40
3750,40
3751,40
3752,40
3753,40
3754,40
3755,40
3756,40
3757,40
3758,40
3759,40
3760,40
3761,40
3762,40
3763,40
3764,40
3765,40
3766,40
3767,40
3768,40
3769,40
3770,40
3771,40
3772,40
3773,40
3774,40
3775,40
3776,40
3777,40
3778,40
3779,40
3780,40
3781,40
3782,40
3783,40
3784,40
3785,40
3786,40
3787,40
3788,40
3789,40
3790,40
3791,40
3792,40
3793,40
3794,40
3795,40
3796,40
3797,40
3798,40
3799,40
3800,40
3801,40
3802,40
3803,40
3804,40
3805,40
3806,40
3807,40
3808,40
3809,40
3810,40
3811,40
3812,40
3813,40
3814,40
3815,40
3816,40
3817,40
3818,40
3819,40
3820,40
3821,40
3822,40
3823,40
3824,40
3825,40
3826,40
3827,40
3828,40
3829,40
3830,40
3831,40
3832,40
3833,40
3834,40
3835,40
3836,40
3837,40
3838,40
3839,40
3840,40
3841,40
3842,40
3843,40
3844,40
3845,40
3846,40
3847,40
3848,40
3849,40
3850,40
3851,40
3852,40
3853,40
3854,40
3855,40
3856,40
3857,40
3858,40
3859,40
3860,40
3861,40
3862,40
3863,40
3864,40
3865,40
3866,40
3867,40
3868,40
3869,40
3870,40
3871,40
3872,40
3873,40
3874,40
3875,40
3876,40
3877,40
3878,40
3879,40
3880,40
3881,40
3882,40
3883,40
3884,40
3885,40
3886,40
3887,40
3888,40
3889,40
3890,40
3891,40
3892,40
3893,40
3894,40
3895,40
3896,40
3897,40
3898,40
3899,40
3900,40
3901,40
3902,40
3903,40
3904,40
3905,40
3906,40
3907,40
3908,40
3909,40
3910,40
3911,40
3912,40
3913,40
3914,40
3915,40
3916,40
3917,40
3918,40
3919,40
3920,40
3921,40
3922,40
3923,40
3924,40
3925,40
3926,40
3927,40
3928,40
3929,40
3930,40
3931,40
3932,40
3933,40
3934,40
3935,40
3936,40
3937,40
3938,40
3939,40
3940,40
3941,40
3942,40
3943,40
3944,40
3945,40
3946,40
3947,40
3948,40
3949,40
3950,40
3951,40
3952,40
3953,40
3954,40
3955,40
3956,40
3957,40
3958,40
3959,40
3960,40
3961,40
3962,40
3963,40
3964,40
3965,40
3966,40
3967,40
3968,40
3969,40
3970,40
3971,40
3972,40
3973,40
3974,40
3975,40
3976,40
3977,40
3978,40
3979,40
3980,40
3981,40
3982,40
3983,40
3984,40
3985,40
3986,40
3987,40
3988,40
3989,40
3990,40
3991,40
3992,40
3993,40
3994,40
3995,40
3996,40
3997,40
3998,40
3999,40
4000,40
4001,40
4002,40
4003,40
4004,40
4005,40
4006,40
4007,40
4008,40
4009,40
4010,40
4011,40
4012,40
4013,40
4014,40
4015,40
4016,40
4017,40
4018,40
4019,40
4020,40
4021,40
4022,40
4023,40
4024,40
4025,40
4026,40
4027,40
4028,40
4029,40
4030,40
4031,40
4032,40
4033,40
4034,40
4035,40
4036,40
4037,40
4038,40
4039,40
4040,40
4041,40
4042,40
4043,40
4044,40
4045,40
4046,40
4047,40
4048,40
4049,40
4050,40
4051,40
4052,40
4053,40
4054,40
4055,40
4056,40
4057,40
4058,40
4059,40
4060,40
4061,40
4062,40
4063,40
4064,40
4065,40
4066,40
4067,40
4068,40
4069,40
4070,40
4071,40
4072,40
4073,40
4074,40
4075,40
4076,40
4077,40
4078,40
4079,40
4080,40
4081,40
4082,40
4083,40
4084,40
4085,40
4086,40
4087,40
4088,40
4089,40
4090,40
4091,40
4092,40
4093,40
4094,40
4095,40
4096,40
4097,40
4098,40
4099,40
4100,40
4101,40
4102,40
4103,40
4104,40
4105,40
4106,40
4107,40
4108,40
4109,40
4110,40
4111,40
4112,40
4113,40
4114,40
4115,40
4116,40
4117,40
4118,40
4119,40
4120,40
4121,40
4122,40
4123,40
4124,40
4125,40
4126,40
4127,40
4128,40
4129,40
4130,40
4131,40
4132,40
4133,40
4134,40
4135,40
4136,40
4137,40
4138,40
4139,40
4140,40
4141,40
4142,40
4143,40
4144,40
4145,40
4146,40
4147,40
4148,40
4149,40
4150,40
4151,40
4152,40
4153,40
4154,40
4155,40
4156,40
4157,40
4158,40
4159,40
4160,40
4161,40
4162,40
4163,40
4164,40
4165,40
4166,40
4167,40
4168,40
4169,40
4170,40
4171,40
4172,40
4173,40
4174,40
4175,40
4176,40
4177,40
4178,40
4179,40
4180,40
4181,40
4182,40
4183,40
4184,40
4185,40
4186,40
4187,40
4188,40
4189,40
4190,40
4191,40
4192,40
4193,40
4194,40
4195,40
4196,40
4197,40
4198,40
4199,40
4200,40
4201,40
4202,40
4203,40
4204,40
4205,40
4206,40
4207,40
4208,40
4209,40
4210,40
4211,40
4212,40
4213,40
4214,40
4215,40
4216,40
4217,40
4218,40
4219,40
4220,40
4221,40
4222,40
4223,40
4224,40
4225,40
4226,40
4227,40
4228,40
4229,40
4230,40
4231,40
4232,40
4233,40
4234,40
4235,40
4236,40
4237,40
4238,40
4239,40
4240,40
4241,40
4242,40
4243,40
4244,40
4245,40
4246,40
4247,40
4248,40
4249,40
4250,40
4251,40
4252,40
4253,40
4254,40
4255,40
4256,40
4257,40
4258,40
4259,40
4260,40
4261,40
4262,40
4263,40
4264,40
4265,40
4266,40
4267,40
4268,40
4269,40
4270,40
4271,40
4272,40
4273,40
4274,40
4275,40
4276,40
4277,40
4278,40
4279,40
4280,40
4281,40
4282,40
4283,40
4284,40
4285,40
4286,40
4287,40
4288,40
4289,40
4290,40
4291,40
4292,40
4293,40
4294,40
4295,40
4296,40
4297,40
4298,40
4299,40
4300,40
4301,40
4302,40
4303,40
4304,40
4305,40
4306,40
4307,40
4308,40
4309,40
4310,40
4311,40
4312,40
4313,40
4314,40
4315,40
4316,40
4317,40
4318,40
4319,40
4320,40
4321,40
4322,40
4323,40
4324,40
4325,40
4326,40
4327,40
4328,40
4329,40
4330,40
4331,40
4332,40
4333,40
4334,40
4335,40
4336,40
4337,40
4338,40
4339,40
4340,40
4341,40
4342,40
4343,40
4344,40
4345,40
4346,40
4347,40
4348,40
4349,40
4350,40
4351,40
4352,40
4353,40
4354,40
4355,40
4356,40
4357,40
4358,40
4359,40
4360,40
4361,40
4362,40
4363,40
4364,40
4365,40
4366,40
4367,40
4368,40
4369,40
4370,40
4371,40
4372,40
4373,40
4374,40
4375,40
4376,40
4377,40
4378,40
4379,40
4380,40
4381,40
4382,40
4383,40
4384,40
4385,40
4386,40
4387,40
4388,40
4389,40
4390,40
4391,40
4392,40
4393,40
4394,40
4395,40
4396,40
4397,40
4398,40
4399,40
4400,40
4401,40
4402,40
4403,40
4404,40
4405,40
4406,40
4407,40
4408,40
4409,40
4410,40
4411,40
4412,40
4413,40
4414,40
4415,40
4416,40
4417,40
4418,40
4419,40
4420,40
4421,40
4422,40
4423,40
4424,40
4425,40
4426,40
4427,40
4428,40
4429,40
4430,40
4431,40
4432,40
4433,40
4434,40
4435,40
4436,40
4437,40
4438,40
4439,40
4440,40
4441,40
4442,40
4443,40
4444,40
4445,40
4446,40
4447,40
4448,40
4449,40
4450,40
4451,40
4452,40
4453,40
4454,40
4455,40
4456,40
4457,40
4458,40
4459,40
4460,40
4461,40
4462,40
4463,40
4464,40
4465,40
4466,40
4467,40
4468,40
4469,40
4470,40
4471,40
4472,40
4473,40
4474,40
4475,40
4476,40
4477,40
4478,40
4479,40
4480,40
4481,40
4482,40
4483,40
4484,40
4485,40
4486,40
4487,40
4488,40
4489,40
4490,40
4491,40
4492,40
4493,40
4494,40
4495,40
4496,40
4497,40
4498,40
4499,40
4500,40
4501,40
4502,40
4503,40
4504,40
4505,40
4506,40
4507,40
4508,40
4509,40
4510,40
4511,40
4512,40
4513,40
4514,40
4515,40
4516,40
4517,40
4518,40
4519,40
4520,40
4521,40
4522,40
4523,40
4524,40
4525,40
4526,40
4527,40
4528,40
4529,40
4530,40
4531,40
4532,40
4533,40
4534,40
4535,40
4536,40
4537,40
4538,40
4539,40
4540,40
4541,40
4542,40
4543,40
4544,40
4545,40
4546,40
4547,40
4548,40
4549,40
4550,40
4551,40
4552,40
4553,40
4554,40
4555,40
4556,40
4557,40
4558,40
4559,40
4560,40
4561,40
4562,40
4563,40
4564,40
4565,40
4566,40
4567,40
4568,40
4569,40
4570,40
4571,40
4572,40
4573,40
4574,40
4575,40
4576,40
4577,40
4578,40
4579,40
4580,40
4581,40
4582,40
4583,40
4584,40
4585,40
4586,40
4587,40
4588,40
4589,40
4590,40
4591,40
4592,40
4593,40
4594,40
4595,40
4596,40
4597,40
4598,40
4599,40
4600,40
4601,40
4602,40
4603,40
4604,40
4605,40
4606,40
4607,40
4608,40
4609,40
4610,40
4611,40
4612,40
4613,40
4614,40
4615,40
4616,40
4617,40
4618,40
4619,40
4620,40
4621,40
4622,40
4623,40
4624,40
4625,40
4626,40
4627,40
4628,40
4629,40
4630,40
4631,40
4632,40
4633,40
4634,40
4635,40
4636,40
4637,40
4638,40
4639,40
4640,40
4641,40
4642,40
4643,40
4644,40
4645,40
4646,40
4647,40
4648,40
4649,40
4650,40
4651,40
4652,40
4653,40
4654,40
4655,40
4656,40
4657,40
4658,40
4659,40
4660,40
4661,40
4662,40
4663,40
4664,40
4665,40
4666,40
4667,40
4668,40
4669,40
4670,40
4671,40
4672,40
4673,40
4674,40
4675,40
4676,40
4677,40
4678,40
4679,40
4680,40
4681,40
4682,40
4683,40
4684,40
4685,40
4686,40
4687,40
4688,40
4689,40
4690,40
4691,40
4692,40
4693,40
4694,40
4695,40
4696,40
4697,40
4698,40
4699,40
4700,40
4701,40
4702,40
4703,40
4704,40
4705,40
4706,40
4707,40
4708,40
4709,40
4710,40
4711,40
4712,40
4713,40
4714,40
4715,40
4716,40
4717,40
4718,40
4719,40
4720,40
4721,40
4722,40
4723,40
4724,40
4725,40
4726,40
4727,40
4728,40
4729,40
4730,40
4731,40
4732,40
4733,40
4734,40
4735,40
4736,40
4737,40
4738,40
4739,40
4740,40
4741,40
4742,40
4743,40
4744,40
4745,40
4746,40
4747,40
4748,40
4749,40
4750,40
4751,40
4752,40
4753,40
4754,40
4755,40
4756,40
4757,40
4758,40
4759,40
4760,40
4761,40
4762,40
4763,40
4764,40
4765,40
4766,40
4767,40
4768,40
4769,40
4770,40
4771,40
4772,40
4773,40
4774,40
4775,40
4776,40
4777,40
4778,40
4779,40
4780,40
4781,40
4782,40
4783,40
4784,40
4785,40
4786,40
4787,40
4788,40
4789,40
4790,40
4791,40
4792,40
4793,40
4794,40
4795,40
4796,40
4797,40
4798,40
4799,40
4800,40
4801,40
4802,40
4803,40
4804,40
4805,40
4806,40
4807,40
4808,40
4809,40
4810,40
4811,40
4812,40
4813,40
4814,40
4815,40
4816,40
4817,40
4818,40
4819,40
4820,40
4821,40
4822,40
4823,40
4824,40
4825,40
4826,40
4827,40
4828,40
4829,40
4830,40
4831,40
4832,40
4833,40
4834,40
4835,40
4836,40
4837,40
4838,40
4839,40
4840,40
4841,40
4842,40
4843,40
4844,40
4845,40
4846,40
4847,40
4848,40
4849,40
4850,40
4851,40
4852,40
4853,40
4854,40
4855,40
4856,40
4857,40
4858,40
4859,40
4860,40
4861,40
4862,40
4863,40
4864,40
4865,40
4866,40
4867,40
4868,40
4869,40
4870,40
4871,40
4872,40
4873,40
4874,40
4875,40
4876,40
4877,40
4878,40
4879,40
4880,40
4881,40
4882,40
4883,40
4884,40
4885,40
4886,40
4887,40
4888,40
4889,40
4890,40
4891,40
4892,40
4893,40
4894,40
4895,40
4896,40
4897,40
4898,40
4899,40
4900,40
4901,40
4902,40
4903,40
4904,40
4905,40
4906,40
4907,40
4908,40
4909,40
4910,40
4911,40
4912,40
4913,40
4914,40
4915,40
4916,40
4917,40
4918,40
4919,40
4920,40
4921,40
4922,40
4923,40
4924,40
4925,40
4926,40
4927,40
4928,40
4929,40
4930,40
4931,40
4932,40
4933,40
4934,40
4935,40
4936,40
4937,40
4938,40
4939,40
4940,40
4941,40
4942,40
4943,40
4944,40
4945,40
4946,40
4947,40
4948,40
4949,40
4950,40
4951,40
4952,40
4953,40
4954,40
4955,40
4956,40
4957,40
4958,40
4959,40
4960,40
4961,40
4962,40
4963,40
4964,40
4965,40
4966,40
4967,40
4968,40
4969,40
4970,40
4971,40
4972,40
4973,40
4974,40
4975,40
4976,40
4977,40
4978,40
4979,40
4980,40
4981,40
4982,40
4983,40
4984,40
4985,40
4986,40
4987,40
4988,40
4989,40
4990,40
4991,40
4992,40
4993,40
4994,40
4995,40
4996,40
4997,40
4998,40
4999,40
5000,40
5001,40
5002,40
5003,40
5004,40
5005,40
5006,40
5007,40
5008,40
5009,40
5010,40
5011,40
5012,40
5013,40
5014,40
5015,40
5016,40
5017,40
5018,40
5019,40
5020,40
5021,40
5022,40
5023,40
5024,40
5025,40
5026,40
5027,40
5028,40
5029,40
5030,40
5031,40
5032,40
5033,40
5034,40
5035,40
5036,40
5037,40
5038,40
5039,40
5040,40
5041,40
5042,40
5043,40
5044,40
5045,40
5046,40
5047,40
5048,40
5049,40
5050,40
5051,40
5052,40
5053,40
5054,40
5055,40
5056,40
5057,40
5058,40
5059,40
5060,40
5061,40
5062,40
5063,40
5064,40
5065,40
5066,40
5067,40
5068,40
5069,40
5070,40
5071,40
5072,40
5073,40
5074,40
5075,40
5076,40
5077,40
5078,40
5079,40
5080,40
5081,40
5082,40
5083,40
5084,40
5085,40
5086,40
5087,40
5088,40
5089,40
5090,40
5091,40
5092,40
5093,40
5094,40
5095,40
5096,40
5097,40
5098,40
5099,40
5100,40
5101,40
5102,40
5103,40
5104,40
5105,40
5106,40
5107,40
5108,40
5109,40
5110,40
5111,40
5112,40
5113,40
5114,40
5115,40
5116,40
5117,40
5118,40
5119,40
5120,40
5121,40
5122,40
5123,40
5124,40
5125,40
5126,40
5127,40
5128,40
5129,40
5130,40
5131,40
5132,40
5133,40
5134,40
5135,40
5136,40
5137,40
5138,40
5139,40
5140,40
5141,40
5142,40
5143,40
5144,40
5145,40
5146,40
5147,40
5148,40
5149,40
5150,40
5151,40
5152,40
5153,40
5154,40
5155,40
5156,40
5157,40
5158,40
5159,40
5160,40
5161,40
5162,40
5163,40
5164,40
5165,40
5166,40
5167,40
5168,40
5169,40
5170,40
5171,40
5172,40
5173,40
5174,40
5175,40
5176,40
5177,40
5178,40
5179,40
5180,40
5181,40
5182,40
5183,40
5184,40
5185,40
5186,40
5187,40
5188,40
5189,40
5190,40
5191,40
5192,40
5193,40
5194,40
5195,40
5196,40
5197,40
5198,40
5199,40
5200,40
5201,40
5202,40
5203,40
5204,40
5205,40
5206,40
5207,40
5208,40
5209,40
5210,40
5211,40
5212,40
5213,40
5214,40
5215,40
5216,40
5217,40
5218,40
5219,40
5220,40
5221,40
5222,40
5223,40
5224,40
5225,40
5226,40
5227,40
5228,40
5229,40
5230,40
5231,40
5232,40
5233,40
5234,40
5235,40
5236,40
5237,40
5238,40
5239,40
5240,40
5241,40
5242,40
5243,40
5244,40
5245,40
5246,40
5247,40
5248,40
5249,40
5250,40
5251,40
5252,40
5253,40
5254,40
5255,40
5256,40
5257,40
5258,40
5259,40
5260,40
5261,40
5262,40
5263,40
5264,40
5265,40
5266,40
5267,40
5268,40
5269,40
5270,40
5271,40
5272,40
5273,40
5274,40
5275,40
5276,40
5277,40
5278,40
5279,40
5280,40
5281,40
5282,40
5283,40
5284,40
5285,40
5286,40
5287,40
5288,40
5289,40
5290,40
5291,40
5292,40
5293,40
5294,40
5295,40
5296,40
5297,40
5298,40
5299,40
5300,40
5301,40
5302,40
5303,40
5304,40
5305,40
5306,40
5307,40
5308,40
5309,40
5310,40
5311,40
5312,40
5313,40
5314,40
5315,40
5316,40
5317,40
5318,40
5319,40
5320,40
5321,40
5322,40
5323,40
5324,40
5325,40
5326,40
5327,40
5328,40
5329,40
5330,40
5331,40
5332,40
5333,40
5334,40
5335,40
5336,40
5337,40
5338,40
5339,40
5340,40
5341,40
5342,40
5343,40
5344,40
5345,40
5346,40
5347,40
5348,40
5349,40
5350,40
5351,40
5352,40
5353,40
5354,40
5355,40
5356,40
5357,40
5358,40
5359,40
5360,40
5361,40
5362,40
5363,40
5364,40
5365,40
5366,40
5367,40
5368,40
5369,40
5370,40
5371,40
5372,40
5373,40
5374,40
5375,40
5376,40
5377,40
5378,40
5379,40
5380,40
5381,40
5382,40
5383,40
5384,40
5385,40
5386,40
5387,40
5388,40
5389,40
5390,40
5391,40
5392,40
5393,40
5394,40
5395,40
5396,40
5397,40
5398,40
5399,40
5400,40
5401,40
5402,40
5403,40
5404,40
5405,40
5406,40
5407,40
5408,40
5409,40
5410,40
5411,40
5412,40
5413,40
5414,40
5415,40
5416,40
5417,40
5418,40
5419,40
5420,40
5421,40
5422,40
5423,40
5424,40
5425,40
5426,40
5427,40
5428,40
5429,40
5430,40
5431,40
5432,40
5433,40
5434,40
5435,40
5436,40
5437,40
5438,40
5439,40
5440,40
5441,40
5442,40
5443,40
5444,40
5445,40
5446,40
5447,40
5448,40
5449,40
5450,40
5451,40
5452,40
5453,40
5454,40
5455,40
5456,40
5457,40
5458,40
5459,40
5460,40
5461,40
5462,40
5463,40
5464,40
5465,40
5466,40
5467,40
5468,40
5469,40
5470,40
5471,40
5472,40
5473,40
5474,40
5475,40
5476,40
5477,40
5478,40
5479,40
5480,40
5481,40
5482,40
5483,40
5484,40
5485,40
5486,40
5487,40
5488,40
5489,40
5490,40
5491,40
5492,40
5493,40
5494,40
5495,40
5496,40
5497,40
5498,40
5499,40
5500,40
5501,40
5502,40
5503,40
5504,40
5505,40
5506,40
5507,40
5508,40
5509,40
5510,40
5511,40
5512,40
5513,40
5514,40
5515,40
5516,40
5517,40
5518,40
5519,40
5520,40
5521,40
5522,40
5523,40
5524,40
5525,40
5526,40
5527,40
5528,40
5529,40
5530,40
5531,40
5532,40
5533,40
5534,40
5535,40
5536,40
5537,40
5538,40
5539,40
5540,40
5541,40
5542,40
5543,40
5544,40
5545,40
5546,40
5547,40
5548,40
5549,40
5550,40
5551,40
5552,40
5553,40
5554,40
5555,40
5556,40
5557,40
5558,40
5559,40
5560,40
5561,40
5562,40
5563,40
5564,40
5565,40
5566,40
5567,40
5568,40
5569,40
5570,40
5571,40
5572,40
5573,40
5574,40
5575,40
5576,40
5577,40
5578,40
5579,40
5580,40
5581,40
5582,40
5583,40
5584,40
5585,40
5586,40
5587,40
5588,40
5589,40
5590,40
5591,40
5592,40
5593,40
5594,40
5595,40
5596,40
5597,40
5598,40
5599,40
5600,40
5601,40
5602,40
5603,40
5604,40
5605,40
5606,40
5607,40
5608,40
5609,40
5610,40
5611,40
5612,40
5613,40
5614,40
5615,40
5616,40
5617,40
5618,40
5619,40
5620,40
5621,40
5622,40
5623,40
5624,40
5625,40
5626,40
5627,40
5628,40
5629,40
5630,40
5631,40
5632,40
5633,40
5634,40
5635,40
5636,40
5637,40
5638,40
5639,40
5640,40
5641,40
5642,40
5643,40
5644,40
5645,40
5646,40
5647,40
5648,40
5649,40
5650,40
5651,40
5652,40
5653,40
5654,40
5655,40
5656,40
5657,40
5658,40
5659,40
5660,40
5661,40
5662,40
5663,40
5664,40
5665,40
5666,40
5667,40
5668,40
5669,40
5670,40
5671,40
5672,40
5673,40
5674,40
5675,40
5676,40
5677,40
5678,40
5679,40
5680,40
5681,40
5682,40
5683,40
5684,40
5685,40
5686,40
5687,40
5688,40
5689,40
5690,40
5691,40
5692,40
5693,40
5694,40
5695,40
5696,40
5697,40
5698,40
5699,40
5700,40
5701,40
5702,40
5703,40
5704,40
5705,40
5706,40
5707,40
5708,40
5709,40
5710,40
5711,40
5712,40
5713,40
5714,40
5715,40
5716,40
5717,40
5718,40
5719,40
5720,40
5721,40
5722,40
5723,40
5724,40
5725,40
5726,40
5727,40
5728,40
5729,40
5730,40
5731,40
5732,40
5733,40
5734,40
5735,40
5736,40
5737,40
5738,40
5739,40
5740,40
5741,40
5742,40
5743,40
5744,40
5745,40
5746,40
5747,40
5748,40
5749,40
5750,40
5751,40
5752,40
5753,40
5754,40
5755,40
5756,40
5757,40
5758,40
5759,40
5760,40
5761,40
5762,40
5763,40
5764,40
5765,40
5766,40
5767,40
5768,40
5769,40
5770,40
5771,40
5772,40
5773,40
5774,40
5775,40
5776,40
5777,40
5778,40
5779,40
5780,40
5781,40
5782,40
5783,40
5784,40
5785,40
5786,40
5787,40
5788,40
5789,40
5790,40
5791,40
5792,40
5793,40
5794,40
5795,40
5796,40
5797,40
5798,40
5799,40
5800,40
5801,40
5802,40
5803,40
5804,40
5805,40
5806,40
5807,40
5808,40
5809,40
5810,40
5811,40
5812,40
5813,40
5814,40
5815,40
5816,40
5817,40
5818,40
5819,40
5820,40
5821,40
5822,40
5823,40
5824,40
5825,40
5826,40
5827,40
5828,40
5829,40
5830,40
5831,40
5832,40
5833,40
5834,40
5835,40
5836,40
5837,40
5838,40
5839,40
5840,40
5841,40
5842,40
5843,40
5844,40
5845,40
5846,40
5847,40
5848,40
5849,40
5850,40
5851,40
5852,40
5853,40
5854,40
5855,40
5856,40
5857,40
5858,40
5859,40
5860,40
5861,40
5862,40
5863,40
5864,40
5865,40
5866,40
5867,40
5868,40
5869,40
5870,40
5871,40
5872,40
5873,40
5874,40
5875,40
5876,40
5877,40
5878,40
5879,40
5880,40
5881,40
5882,40
5883,40
5884,40
5885,40
5886,40
5887,40
5888,40
5889,40
5890,40
5891,40
5892,40
5893,40
5894,40
5895,40
5896,40
5897,40
5898,40
5899,40
5900,40
5901,40
5902,40
5903,40
5904,40
5905,40
5906,40
5907,40
5908,40
5909,40
5910,40
5911,40
5912,40
5913,40
5914,40
5915,40
5916,40
5917,40
5918,40
5919,40
5920,40
5921,40
5922,40
5923,40
5924,40
5925,40
5926,40
5927,40
5928,40
5929,40
5930,40
5931,40
5932,40
5933,40
5934,40
5935,40
5936,40
5937,40
5938,40
5939,40
5940,40
5941,40
5942,40
5943,40
5944,40
5945,40
5946,40
5947,40
5948,40
5949,40
5950,40
5951,40
5952,40
5953,40
5954,40
5955,40
5956,40
5957,40
5958,40
5959,40
5960,40
5961,40
5962,40
5963,40
5964,40
5965,40
5966,40
5967,40
5968,40
5969,40
5970,40
5971,40
5972,40
5973,40
5974,40
5975,40
5976,40
5977,40
5978,40
5979,40
5980,40
5981,40
5982,40
5983,40
5984,40
5985,40
5986,40
5987,40
5988,40
5989,40
5990,40
5991,40
5992,40
5993,40
5994,40
5995,40
5996,40
5997,40
5998,40
5999,40
6000,40
6001,40
6002,40
6003,40
6004,40
6005,40
6006,40
6007,40
6008,40
6009,40
6010,40
6011,40
6012,40
6013,40
6014,40
6015,40
6016,40
6017,40
6018,40
6019,40
6020,40
6021,40
6022,40
6023,40
6024,40
6025,40
6026,40
6027,40
6028,40
6029,40
6030,40
6031,40
6032,40
6033,40
6034,40
6035,40
6036,40
6037,40
6038,40
6039,40
6040,40
6041,40
6042,40
6043,40
6044,40
6045,40
6046,40
6047,40
6048,40
6049,40
6050,40
6051,40
6052,40
6053,40
6054,40
6055,40
6056,40
6057,40
6058,40
6059,40
6060,40
6061,40
6062,40
6063,40
6064,40
6065,40
6066,40
6067,40
6068,40
6069,40
6070,40
6071,40
6072,40
6073,40
6074,40
6075,40
6076,40
6077,40
6078,40
6079,40
6080,40
6081,40
6082,40
6083,40
6084,40
6085,40
6086,40
6087,40
6088,40
6089,40
6090,40
6091,40
6092,40
6093,40
6094,40
6095,40
6096,40
6097,40
6098,40
6099,40
6100,40
6101,40
6102,40
6103,40
6104,40
6105,40
6106,40
6107,40
6108,40
6109,40
6110,40
6111,40
6112,40
6113,40
6114,40
6115,40
6116,40
6117,40
6118,40
6119,40
6120,40
6121,40
6122,40
6123,40
6124,40
6125,40
6126,40
6127,40
6128,40
6129,40
6130,40
6131,40
6132,40
6133,40
6134,40
6135,40
6136,40
6137,40
6138,40
6139,40
6140,40
6141,40
6142,40
6143,40
6144,40
6145,40
6146,40
6147,40
6148,40
6149,40
6150,40
6151,40
6152,40
6153,40
6154,40
6155,40
6156,40
6157,40
6158,40
6159,40
6160,40
6161,40
6162,40
6163,40
6164,40
6165,40
6166,40
6167,40
6168,40
6169,40
6170,40
6171,40
6172,40
6173,40
6174,40
6175,40
6176,40
6177,40
6178,40
6179,40
6180,40
6181,40
6182,40
6183,40
6184,40
6185,40
6186,40
6187,40
6188,40
6189,40
6190,40
6191,40
6192,40
6193,40
6194,40
6195,40
6196,40
6197,40
6198,40
6199,40
6200,40
6201,40
6202,40
6203,40
6204,40
6205,40
6206,40
6207,40
6208,40
6209,40
6210,40
6211,40
6212,40
6213,40
6214,40
6215,40
6216,40
6217,40
6218,40
6219,40
6220,40
6221,40
6222,40
6223,40
6224,40
6225,40
6226,40
6227,40
6228,40
6229,40
6230,40
6231,40
6232,40
6233,40
6234,40
6235,40
6236,40
6237,40
6238,40
6239,40
6240,40
6241,40
6242,40
6243,40
6244,40
6245,40
6246,40
6247,40
6248,40
6249,40
6250,40
6251,40
6252,40
6253,40
6254,40
6255,40
6256,40
6257,40
6258,40
6259,40
6260,40
6261,40
6262,40
6263,40
6264,40
6265,40
6266,40
6267,40
6268,40
6269,40
6270,40
6271,40
6272,40
6273,40
6274,40
6275,40
6276,40
6277,40
6278,40
6279,40
6280,40
6281,40
6282,40
6283,40
6284,40
6285,40
6286,40
6287,40
6288,40
6289,40
6290,40
6291,40
6292,40
6293,40
6294,40
6295,40
6296,40
6297,40
6298,40
6299,40
6300,40
6301,40
6302,40
6303,40
6304,40
6305,40
6306,40
6307,40
6308,40
6309,40
6310,40
6311,40
6312,40
6313,40
6314,40
6315,40
6316,40
6317,40
6318,40
6319,40
6320,40
6321,40
6322,40
6323,40
6324,40
6325,40
6326,40
6327,40
6328,40
6329,40
6330,40
6331,40
6332,40
6333,40
6334,40
6335,40
6336,40
6337,40
6338,40
6339,40
6340,40
6341,40
6342,40
6343,40
6344,40
6345,40
6346,40
6347,40
6348,40
6349,40
6350,40
6351,40
6352,40
6353,40
6354,40
6355,40
6356,40
6357,40
6358,40
6359,40
6360,40
6361,40
6362,40
6363,40
6364,40
6365,40
6366,40
6367,40
6368,40
6369,40
6370,40
6371,40
6372,40
6373,40
6374,40
6375,40
6376,40
6377,40
6378,40
6379,40
6380,40
6381,40
6382,40
6383,40
6384,40
6385,40
6386,40
6387,40
6388,40
6389,40
6390,40
6391,40
6392,40
6393,40
6394,40
6395,40
6396,40
6397,40
6398,40
6399,40
6400,40
6401,40
6402,40
6403,40
6404,40
6405,40
6406,40
6407,40
6408,40
6409,40
6410,40
6411,40
6412,40
6413,40
6414,40
6415,40
6416,40
6417,40
6418,40
6419,40
6420,40
6421,40
6422,40
6423,40
6424,40
6425,40
6426,40
6427,40
6428,40
6429,40
6430,40
6431,40
6432,40
6433,40
6434,40
6435,40
6436,40
6437,40
6438,40
6439,40
6440,40
6441,40
6442,40
6443,40
6444,40
6445,40
6446,40
6447,40
6448,40
6449,40
6450,40
6451,40
6452,40
6453,40
6454,40
6455,40
6456,40
6457,40
6458,40
6459,40
6460,40
6461,40
6462,40
6463,40
6464,40
6465,40
6466,40
6467,40
6468,40
6469,40
6470,40
6471,40
6472,40
6473,40
6474,40
6475,40
6476,40
6477,40
6478,40
6479,40
6480,40
6481,40
6482,40
6483,40
6484,40
6485,40
6486,40
6487,40
6488,40
6489,40
6490,40
6491,40
6492,40
6493,40
6494,40
6495,40
6496,40
6497,40
6498,40
6499,40
6500,40
6501,40
6502,40
6503,40
6504,40
6505,40
6506,40
6507,40
6508,40
6509,40
6510,40
6511,40
6512,40
6513,40
6514,40
6515,40
6516,40
6517,40
6518,40
6519,40
6520,40
6521,40
6522,40
6523,40
6524,40
6525,40
6526,40
6527,40
6528,40
6529,40
6530,40
6531,40
6532,40
6533,40
6534,40
6535,40
6536,40
6537,40
6538,40
6539,40
6540,40
6541,40
6542,40
6543,40
6544,40
6545,40
6546,40
6547,40
6548,40
6549,40
6550,40
6551,40
6552,40
6553,40
6554,40
6555,40
6556,40
6557,40
6558,40
6559,40
6560,40
6561,40
6562,40
6563,40
6564,40
6565,40
6566,40
6567,40
6568,40
6569,40
6570,40
6571,40
6572,40
6573,40
6574,40
6575,40
6576,40
6577,40
6578,40
6579,40
6580,40
6581,40
6582,40
6583,40
6584,40
6585,40
6586,40
6587,40
6588,40
6589,40
6590,40
6591,40
6592,40
6593,40
6594,40
6595,40
6596,40
6597,40
6598,40
6599,40
6600,40
6601,40
6602,40
6603,40
6604,40
6605,40
6606,40
6607,40
6608,40
6609,40
6610,40
6611,40
6612,40
6613,40
6614,40
6615,40
6616,40
6617,40
6618,40
6619,40
6620,40
6621,40
6622,40
6623,40
6624,40
6625,40
6626,40
6627,40
6628,40
6629,40
6630,40
6631,40
6632,40
6633,40
6634,40
6635,40
6636,40
6637,40
6638,40
6639,40
6640,40
6641,40
6642,40
6643,40
6644,40
6645,40
6646,40
6647,40
6648,40
6649,40
6650,40
6651,40
6652,40
6653,40
6654,40
6655,40
6656,40
6657,40
6658,40
6659,40
6660,40
6661,40
6662,40
6663,40
6664,40
6665,40
6666,40
6667,40
6668,40
6669,40
6670,40
6671,40
6672,40
6673,40
6674,40
6675,40
6676,40
6677,40
6678,40
6679,40
6680,40
6681,40
6682,40
6683,40
6684,40
6685,40
6686,40
6687,40
6688,40
6689,40
6690,40
6691,40
6692,40
6693,40
6694,40
6695,40
6696,40
6697,40
6698,40
6699,40
6700,40
6701,40
6702,40
6703,40
6704,40
6705,40
6706,40
6707,40
6708,40
6709,40
6710,40
6711,40
6712,40
6713,40
6714,40
6715,40
6716,40
6717,40
6718,40
6719,40
6720,40
6721,40
6722,40
6723,40
6724,40
6725,40
6726,40
6727,40
6728,40
6729,40
6730,40
6731,40
6732,40
6733,40
6734,40
6735,40
6736,40
6737,40
6738,40
6739,40
6740,40
6741,40
6742,40
6743,40
6744,40
6745,40
6746,40
6747,40
6748,40
6749,40
6750,40
6751,40
6752,40
6753,40
6754,40
6755,40
6756,40
6757,40
6758,40
6759,40
6760,40
6761,40
6762,40
6763,40
6764,40
6765,40
6766,40
6767,40
6768,40
6769,40
6770,40
6771,40
6772,40
6773,40
6774,40
6775,40
6776,40
6777,40
6778,40
6779,40
6780,40
6781,40
6782,40
6783,40
6784,40
6785,40
6786,40
6787,40
6788,40
6789,40
6790,40
6791,40
6792,40
6793,40
6794,40
6795,40
6796,40
6797,40
6798,40
6799,40
6800,40
6801,40
6802,40
6803,40
6804,40
6805,40
6806,40
6807,40
6808,40
6809,40
6810,40
6811,40
6812,40
6813,40
6814,40
6815,40
6816,40
6817,40
6818,40
6819,40
6820,40
6821,40
6822,40
6823,40
6824,40
6825,40
6826,40
6827,40
6828,40
6829,40
6830,40
6831,40
6832,40
6833,40
6834,40
6835,40
6836,40
6837,40
6838,40
6839,40
6840,40
6841,40
6842,40
6843,40
6844,40
6845,40
6846,40
6847,40
6848,40
6849,40
6850,40
6851,40
6852,40
6853,40
6854,40
6855,40
6856,40
6857,40
6858,40
6859,40
6860,40
6861,40
6862,40
6863,40
6864,40
6865,40
6866,40
6867,40
6868,40
6869,40
6870,40
6871,40
6872,40
6873,40
6874,40
6875,40
6876,40
6877,40
6878,40
6879,40
6880,40
6881,40
6882,40
6883,40
6884,40
6885,40
6886,40
6887,40
6888,40
6889,40
6890,40
6891,40
6892,40
6893,40
6894,40
6895,40
6896,40
6897,40
6898,40
6899,40
6900,40
6901,40
6902,40
6903,40
6904,40
6905,40
6906,40
6907,40
6908,40
6909,40
6910,40
6911,40
6912,40
6913,40
6914,40
6915,40
6916,40
6917,40
6918,40
6919,40
6920,40
6921,40
6922,40
6923,40
6924,40
6925,40
6926,40
6927,40
6928,40
6929,40
6930,40
6931,40
6932,40
6933,40
6934,40
6935,40
6936,40
6937,40
6938,40
6939,40
6940,40
6941,40
6942,40
6943,40
6944,40
6945,40
6946,40
6947,40
6948,40
6949,40
6950,40
6951,40
6952,40
6953,40
6954,40
6955,40
6956,40
6957,40
6958,40
6959,40
6960,40
6961,40
6962,40
6963,40
6964,40
6965,40
6966,40
6967,40
6968,40
6969,40
6970,40
6971,40
6972,40
6973,40
6974,40
6975,40
6976,40
6977,40
6978,40
6979,40
6980,40
6981,40
6982,40
6983,40
6984,40
6985,40
6986,40
6987,40
6988,40
6989,40
6990,40
6991,40
6992,40
6993,40
6994,40
6995,40
6996,40
6997,40
6998,40
6999,40
7000,40
7001,40
7002,40
7003,40
7004,40
7005,40
7006,40
7007,40
7008,40
7009,40
7010,40
7011,40
7012,40
7013,40
7014,40
7015,40
7016,40
7017,40
7018,40
7019,40
7020,40
7021,40
7022,40
7023,40
7024,40
7025,40
7026,40
7027,40
7028,40
7029,40
7030,40
7031,40
7032,40
7033,40
7034,40
7035,40
7036,40
7037,40
7038,40
7039,40
7040,40
7041,40
7042,40
7043,40
7044,40
7045,40
7046,40
7047,40
7048,40
7049,40
7050,40
7051,40
7052,40
7053,40
7054,40
7055,40
7056,40
7057,40
7058,40
7059,40
7060,40
7061,40
7062,40
7063,40
7064,40
7065,40
7066,40
7067,40
7068,40
7069,40
7070,40
7071,40
7072,40
7073,40
7074,40
7075,40
7076,40
7077,40
7078,40
7079,40
7080,40
7081,40
7082,40
7083,40
7084,40
7085,40
7086,40
7087,40
7088,40
7089,40
7090,40
7091,40
7092,40
7093,40
7094,40
7095,40
7096,40
7097,40
7098,40
7099,40
7100,40
7101,40
7102,40
7103,40
7104,40
7105,40
7106,40
7107,40
7108,40
7109,40
7110,40
7111,40
7112,40
7113,40
7114,40
7115,40
7116,40
7117,40
7118,40
7119,40
7120,40
7121,40
7122,40
7123,40
7124,40
7125,40
7126,40
7127,40
7128,40
7129,40
7130,40
7131,40
7132,40
7133,40
7134,40
7135,40
7136,40
7137,40
7138,40
7139,40
7140,40
7141,40
7142,40
7143,40
7144,40
7145,40
7146,40
7147,40
7148,40
7149,40
7150,40
7151,40
7152,40
7153,40
7154,40
7155,40
7156,40
7157,40
7158,40
7159,40
7160,40
7161,40
7162,40
7163,40
7164,40
7165,40
7166,40
7167,40
7168,40
7169,40
7170,40
7171,40
7172,40
7173,40
7174,40
7175,40
7176,40
7177,40
7178,40
7179,40
7180,40
7181,40
7182,40
7183,40
7184,40
7185,40
7186,40
7187,40
7188,40
7189,40
7190,40
7191,40
7192,40
7193,40
7194,40
7195,40
7196,40
7197,40
7198,40
7199,40
7200,40
7201,40
7202,40
7203,40
7204,40
7205,40
7206,40
7207,40
7208,40
7209,40
7210,40
7211,40
7212,40
7213,40
7214,40
7215,40
7216,40
7217,40
7218,40
7219,40
7220,40
7221,40
7222,40
7223,40
7224,40
7225,40
7226,40
7227,40
7228,40
7229,40
7230,40
7231,40
7232,40
7233,40
7234,40
7235,40
7236,40
7237,40
7238,40
7239,40
7240,40
7241,40
7242,40
7243,40
7244,40
7245,40
7246,40
7247,40
7248,40
7249,40
7250,40
7251,40
7252,40
7253,40
7254,40
7255,40
7256,40
7257,40
7258,40
7259,40
7260,40
7261,40
7262,40
7263,40
7264,40
7265,40
7266,40
7267,40
7268,40
7269,40
7270,40
7271,40
7272,40
7273,40
7274,40
7275,40
7276,40
7277,40
7278,40
7279,40
7280,40
7281,40
7282,40
7283,40
7284,40
7285,40
7286,40
7287,40
7288,40
7289,40
7290,40
7291,40
7292,40
7293,40
7294,40
7295,40
7296,40
7297,40
7298,40
7299,40
7300,40
7301,40
7302,40
7303,40
7304,40
7305,40
7306,40
7307,40
7308,40
7309,40
7310,40
7311,40
7312,40
7313,40
7314,40
7315,40
7316,40
7317,40
7318,40
7319,40
7320,40
7321,40
7322,40
7323,40
7324,40
7325,40
7326,40
7327,40
7328,40
7329,40
7330,40
7331,40
7332,40
7333,40
7334,40
7335,40
7336,40
7337,40
7338,40
7339,40
7340,40
7341,40
7342,40
7343,40
7344,40
7345,40
7346,40
7347,40
7348,40
7349,40
7350,40
7351,40
7352,40
7353,40
7354,40
7355,40
7356,40
7357,40
7358,40
7359,40
7360,40
7361,40
7362,40
7363,40
7364,40
7365,40
7366,40
7367,40
7368,40
7369,40
7370,40
7371,40
7372,40
7373,40
7374,40
7375,40
7376,40
7377,40
7378,40
7379,40
7380,40
7381,40
7382,40
7383,40
7384,40
7385,40
7386,40
7387,40
7388,40
7389,40
7390,40
7391,40
7392,40
7393,40
7394,40
7395,40
7396,40
7397,40
7398,40
7399,40
7400,40
7401,40
7402,40
7403,40
7404,40
7405,40
7406,40
7407,40
7408,40
7409,40
7410,40
7411,40
7412,40
7413,40
7414,40
7415,40
7416,40
7417,40
7418,40
7419,40
7420,40
7421,40
7422,40
7423,40
7424,40
7425,40
7426,40
7427,40
7428,40
7429,40
7430,40
7431,40
7432,40
7433,40
7434,40
7435,40
7436,40
7437,40
7438,40
7439,40
7440,40
7441,40
7442,40
7443,40
7444,40
7445,40
7446,40
7447,40
7448,40
7449,40
7450,40
7451,40
7452,40
7453,40
7454,40
7455,40
7456,40
7457,40
7458,40
7459,40
7460,40
7461,40
7462,40
7463,40
7464,40
7465,40
7466,40
7467,40
7468,40
7469,40
7470,40
7471,40
7472,40
7473,40
7474,40
7475,40
7476,40
7477,40
7478,40
7479,40
7480,40
7481,40
7482,40
7483,40
7484,40
7485,40
7486,40
7487,40
7488,40
7489,40
7490,40
7491,40
7492,40
7493,40
7494,40
7495,40
7496,40
7497,40
7498,40
7499,40
7500,40
7501,40
7502,40
7503,40
7504,40
7505,40
7506,40
7507,40
7508,40
7509,40
7510,40
7511,40
7512,40
7513,40
7514,40
7515,40
7516,40
7517,40
7518,40
7519,40
7520,40
7521,40
7522,40
7523,40
7524,40
7525,40
7526,40
7527,40
7528,40
7529,40
7530,40
7531,40
7532,40
7533,40
7534,40
7535,40
7536,40
7537,40
7538,40
7539,40
7540,40
7541,40
7542,40
7543,40
7544,40
7545,40
7546,40
7547,40
7548,40
7549,40
7550,40
7551,40
7552,40
7553,40
7554,40
7555,40
7556,40
7557,40
7558,40
7559,40
7560,40
7561,40
7562,40
7563,40
7564,40
7565,40
7566,40
7567,40
7568,40
7569,40
7570,40
7571,40
7572,40
7573,40
7574,40
7575,40
7576,40
7577,40
7578,40
7579,40
7580,40
7581,40
7582,40
7583,40
7584,40
7585,40
7586,40
7587,40
7588,40
7589,40
7590,40
7591,40
7592,40
7593,40
7594,40
7595,40
7596,40
7597,40
7598,40
7599,40
7600,40
7601,40
7602,40
7603,40
7604,40
7605,40
7606,40
7607,40
7608,40
7609,40
7610,40
7611,40
7612,40
7613,40
7614,40
7615,40
7616,40
7617,40
7618,40
7619,40
7620,40
7621,40
7622,40
7623,40
7624,40
7625,40
7626,40
7627,40
7628,40
7629,40
7630,40
7631,40
7632,40
7633,40
7634,40
7635,40
7636,40
7637,40
7638,40
7639,40
7640,40
7641,40
7642,40
7643,40
7644,40
7645,40
7646,40
7647,40
7648,40
7649,40
7650,40
7651,40
7652,40
7653,40
7654,40
7655,40
7656,40
7657,40
7658,40
7659,40
7660,40
7661,40
7662,40
7663,40
7664,40
7665,40
7666,40
7667,40
7668,40
7669,40
7670,40
7671,40
7672,40
7673,40
7674,40
7675,40
7676,40
7677,40
7678,40
7679,40
7680,40
7681,40
7682,40
7683,40
7684,40
7685,40
7686,40
7687,40
7688,40
7689,40
7690,40
7691,40
7692,40
7693,40
7694,40
7695,40
7696,40
7697,40
7698,40
7699,40
7700,40
7701,40
7702,40
7703,40
7704,40
7705,40
7706,40
7707,40
7708,40
7709,40
7710,40
7711,40
7712,40
7713,40
7714,40
7715,40
7716,40
7717,40
7718,40
7719,40
7720,40
7721,40
7722,40
7723,40
7724,40
7725,40
7726,40
7727,40
7728,40
7729,40
7730,40
7731,40
7732,40
7733,40
7734,40
7735,40
7736,40
7737,40
7738,40
7739,40
7740,40
7741,40
7742,40
7743,40
7744,40
7745,40
7746,40
7747,40
7748,40
7749,40
7750,40
7751,40
7752,40
7753,40
7754,40
7755,40
7756,40
7757,40
7758,40
7759,40
7760,40
7761,40
7762,40
7763,40
7764,40
7765,40
7766,40
7767,40
7768,40
7769,40
7770,40
7771,40
7772,40
7773,40
7774,40
7775,40
7776,40
7777,40
7778,40
7779,40
7780,40
7781,40
7782,40
7783,40
7784,40
7785,40
7786,40
7787,40
7788,40
7789,40
7790,40
7791,40
7792,40
7793,40
7794,40
7795,40
7796,40
7797,40
7798,40
7799,40
7800,40
7801,40
7802,40
7803,40
7804,40
7805,40
7806,40
7807,40
7808,40
7809,40
7810,40
7811,40
7812,40
7813,40
7814,40
7815,40
7816,40
7817,40
7818,40
7819,40
7820,40
7821,40
7822,40
7823,40
7824,40
7825,40
7826,40
7827,40
7828,40
7829,40
7830,40
7831,40
7832,40
7833,40
7834,40
7835,40
7836,40
7837,40
7838,40
7839,40
7840,40
7841,40
7842,40
7843,40
7844,40
7845,40
7846,40
7847,40
7848,40
7849,40
7850,40
7851,40
7852,40
7853,40
7854,40
7855,40
7856,40
7857,40
7858,40
7859,40
7860,40
7861,40
7862,40
7863,40
7864,40
7865,40
7866,40
7867,40
7868,40
7869,40
7870,40
7871,40
7872,40
7873,40
7874,40
7875,40
7876,40
7877,40
7878,40
7879,40
7880,40
7881,40
7882,40
7883,40
7884,40
7885,40
7886,40
7887,40
7888,40
7889,40
7890,40
7891,40
7892,40
7893,40
7894,40
7895,40
7896,40
7897,40
7898,40
7899,40
7900,40
7901,40
7902,40
7903,40
7904,40
7905,40
7906,40
7907,40
7908,40
7909,40
7910,40
7911,40
7912,40
7913,40
7914,40
7915,40
7916,40
7917,40
7918,40
7919,40
7920,40
7921,40
7922,40
7923,40
7924,40
7925,40
7926,40
7927,40
7928,40
7929,40
7930,40
7931,40
7932,40
7933,40
7934,40
7935,40
7936,40
7937,40
7938,40
7939,40
7940,40
7941,40
7942,40
7943,40
7944,40
7945,40
7946,40
7947,40
7948,40
7949,40
7950,40
7951,40
7952,40
7953,40
7954,40
7955,40
7956,40
7957,40
7958,40
7959,40
7960,40
7961,40
7962,40
7963,40
7964,40
7965,40
7966,40
7967,40
7968,40
7969,40
7970,40
7971,40
7972,40
7973,40
7974,40
7975,40
7976,40
7977,40
7978,40
7979,40
7980,40
7981,40
7982,40
7983,40
7984,40
7985,40
7986,40
7987,40
7988,40
7989,40
7990,40
7991,40
7992,40
7993,40
7994,40
7995,40
7996,40
7997,40
7998,40
7999,40
8000,40
8001,40
8002,40
8003,40
8004,40
8005,40
8006,40
8007,40
8008,40
8009,40
8010,40
8011,40
8012,40
8013,40
8014,40
8015,40
8016,40
8017,40
8018,40
8019,40
8020,40
8021,40
8022,40
8023,40
8024,40
8025,40
8026,40
8027,40
8028,40
8029,40
8030,40
8031,40
8032,40
8033,40
8034,40
8035,40
8036,40
8037,40
8038,40
8039,40
8040,40
8041,40
8042,40
8043,40
8044,40
8045,40
8046,40
8047,40
8048,40
8049,40
8050,40
8051,40
8052,40
8053,40
8054,40
8055,40
8056,40
8057,40
8058,40
8059,40
8060,40
8061,40
8062,40
8063,40
8064,40
8065,40
8066,40
8067,40
8068,40
8069,40
8070,40
8071,40
8072,40
8073,40
8074,40
8075,40
8076,40
8077,40
8078,40
8079,40
8080,40
8081,40
8082,40
8083,40
8084,40
8085,40
8086,40
8087,40
8088,40
8089,40
8090,40
8091,40
8092,40
8093,40
8094,40
8095,40
8096,40
8097,40
8098,40
8099,40
8100,40
8101,40
8102,40
8103,40
8104,40
8105,40
8106,40
8107,40
8108,40
8109,40
8110,40
8111,40
8112,40
8113,40
8114,40
8115,40
8116,40
8117,40
8118,40
8119,40
8120,40
8121,40
8122,40
8123,40
8124,40
8125,40
8126,40
8127,40
8128,40
8129,40
8130,40
8131,40
8132,40
8133,40
8134,40
8135,40
8136,40
8137,40
8138,40
8139,40
8140,40
8141,40
8142,40
8143,40
8144,40
8145,40
8146,40
8147,40
8148,40
8149,40
8150,40
8151,40
8152,40
8153,40
8154,40
8155,40
8156,40
8157,40
8158,40
8159,40
8160,40
8161,40
8162,40
8163,40
8164,40
8165,40
8166,40
8167,40
8168,40
8169,40
8170,40
8171,40
8172,40
8173,40
8174,40
8175,40
8176,40
8177,40
8178,40
8179,40
8180,40
8181,40
8182,40
8183,40
8184,40
8185,40
8186,40
8187,40
8188,40
8189,40
8190,40
8191,40
8192,40
8193,40
8194,40
8195,40
8196,40
8197,40
8198,40
8199,40
8200,40
8201,40
8202,40
8203,40
8204,40
8205,40
8206,40
8207,40
8208,40
8209,40
8210,40
8211,40
8212,40
8213,40
8214,40
8215,40
8216,40
8217,40
8218,40
8219,40
8220,40
8221,40
8222,40
8223,40
8224,40
8225,40
8226,40
8227,40
8228,40
8229,40
8230,40
8231,40
8232,40
8233,40
8234,40
8235,40
8236,40
8237,40
8238,40
8239,40
8240,40
8241,40
8242,40
8243,40
8244,40
8245,40
8246,40
8247,40
8248,40
8249,40
8250,40
8251,40
8252,40
8253,40
8254,40
8255,40
8256,40
8257,40
8258,40
8259,40
8260,40
8261,40
8262,40
8263,40
8264,40
8265,40
8266,40
8267,40
8268,40
8269,40
8270,40
8271,40
8272,40
8273,40
8274,40
8275,40
8276,40
8277,40
8278,40
8279,40
8280,40
8281,40
8282,40
8283,40
8284,40
8285,40
8286,40
8287,40
8288,40
8289,40
8290,40
8291,40
8292,40
8293,40
8294,40
8295,40
8296,40
8297,40
8298,40
8299,40
8300,40
8301,40
8302,40
8303,40
8304,40
8305,40
8306,40
8307,40
8308,40
8309,40
8310,40
8311,40
8312,40
8313,40
8314,40
8315,40
8316,40
8317,40
8318,40
8319,40
8320,40
8321,40
8322,40
8323,40
8324,40
8325,40
8326,40
8327,40
8328,40
8329,40
8330,40
8331,40
8332,40
8333,40
8334,40
8335,40
8336,40
8337,40
8338,40
8339,40
8340,40
8341,40
8342,40
8343,40
8344,40
8345,40
8346,40
8347,40
8348,40
8349,40
8350,40
8351,40
8352,40
8353,40
8354,40
8355,40
8356,40
8357,40
8358,40
8359,40
8360,40
8361,40
8362,40
8363,40
8364,40
8365,40
8366,40
8367,40
8368,40
8369,40
8370,40
8371,40
8372,40
8373,40
8374,40
8375,40
8376,40
8377,40
8378,40
8379,40
8380,40
8381,40
8382,40
8383,40
8384,40
8385,40
8386,40
8387,40
8388,40
8389,40
8390,40
8391,40
8392,40
8393,40
8394,40
8395,40
8396,40
8397,40
8398,40
8399,40
8400,40
8401,40
8402,40
8403,40
8404,40
8405,40
8406,40
8407,40
8408,40
8409,40
8410,40
8411,40
8412,40
8413,40
8414,40
8415,40
8416,40
8417,40
8418,40
8419,40
8420,40
8421,40
8422,40
8423,40
8424,40
8425,40
8426,40
8427,40
8428,40
8429,40
8430,40
8431,40
8432,40
8433,40
8434,40
8435,40
8436,40
8437,40
8438,40
8439,40
8440,40
8441,40
8442,40
8443,40
8444,40
8445,40
8446,40
8447,40
8448,40
8449,40
8450,40
8451,40
8452,40
8453,40
8454,40
8455,40
8456,40
8457,40
8458,40
8459,40
8460,40
8461,40
8462,40
8463,40
8464,40
8465,40
8466,40
8467,40
8468,40
8469,40
8470,40
8471,40
8472,40
8473,40
8474,40
8475,40
8476,40
8477,40
8478,40
8479,40
8480,40
8481,40
8482,40
8483,40
8484,40
8485,40
8486,40
8487,40
8488,40
8489,40
8490,40
8491,40
8492,40
8493,40
8494,40
8495,40
8496,40
8497,40
8498,40
8499,40
8500,40
8501,40
8502,40
8503,40
8504,40
8505,40
8506,40
8507,40
8508,40
8509,40
8510,40
8511,40
8512,40
8513,40
8514,40
8515,40
8516,40
8517,40
8518,40
8519,40
8520,40
8521,40
8522,40
8523,40
8524,40
8525,40
8526,40
8527,40
8528,40
8529,40
8530,40
8531,40
8532,40
8533,40
8534,40
8535,40
8536,40
8537,40
8538,40
8539,40
8540,40
8541,40
8542,40
8543,40
8544,40
8545,40
8546,40
8547,40
8548,40
8549,40
8550,40
8551,40
8552,40
8553,40
8554,40
8555,40
8556,40
8557,40
8558,40
8559,40
8560,40
8561,40
8562,40
8563,40
8564,40
8565,40
8566,40
8567,40
8568,40
8569,40
8570,40
8571,40
8572,40
8573,40
8574,40
8575,40
8576,40
8577,40
8578,40
8579,40
8580,40
8581,40
8582,40
8583,40
8584,40
8585,40
8586,40
8587,40
8588,40
8589,40
8590,40
8591,40
8592,40
8593,40
8594,40
8595,40
8596,40
8597,40
8598,40
8599,40
8600,40
8601,40
8602,40
8603,40
8604,40
8605,40
8606,40
8607,40
8608,40
8609,40
8610,40
8611,40
8612,40
8613,40
8614,40
8615,40
8616,40
8617,40
8618,40
8619,40
8620,40
8621,40
8622,40
8623,40
8624,40
8625,40
8626,40
8627,40
8628,40
8629,40
8630,40
8631,40
8632,40
8633,40
8634,40
8635,40
8636,40
8637,40
8638,40
8639,40
8640,40
8641,40
8642,40
8643,40
8644,40
8645,40
8646,40
8647,40
8648,40
8649,40
8650,40
8651,40
8652,40
8653,40
8654,40
8655,40
8656,40
8657,40
8658,40
8659,40
8660,40
8661,40
8662,40
8663,40
8664,40
8665,40
8666,40
8667,40
8668,40
8669,40
8670,40
8671,40
8672,40
8673,40
8674,40
8675,40
8676,40
8677,40
8678,40
8679,40
8680,40
8681,40
8682,40
8683,40
8684,40
8685,40
8686,40
8687,40
8688,40
8689,40
8690,40
8691,40
8692,40
8693,40
8694,40
8695,40
8696,40
8697,40
8698,40
8699,40
8700,40
8701,40
8702,40
8703,40
8704,40
8705,40
8706,40
8707,40
8708,40
8709,40
8710,40
8711,40
8712,40
8713,40
8714,40
8715,40
8716,40
8717,40
8718,40
8719,40
8720,40
8721,40
8722,40
8723,40
8724,40
8725,40
8726,40
8727,40
8728,40
8729,40
8730,40
8731,40
8732,40
8733,40
8734,40
8735,40
8736,40
8737,40
8738,40
8739,40
8740,40
8741,40
8742,40
8743,40
8744,40
8745,40
8746,40
8747,40
8748,40
8749,40
8750,40
8751,40
8752,40
8753,40
8754,40
8755,40
8756,40
8757,40
8758,40
8759,40
8760,40